-- phpMyAdmin SQL Dump
-- version 5.2.2
-- https://www.phpmyadmin.net/
--
-- Host: localhost:3306
-- Generation Time: Dec 30, 2025 at 12:35 AM
-- Server version: 8.0.44
-- PHP Version: 8.4.16

SET SQL_MODE = "NO_AUTO_VALUE_ON_ZERO";
START TRANSACTION;
SET time_zone = "+00:00";


/*!40101 SET @OLD_CHARACTER_SET_CLIENT=@@CHARACTER_SET_CLIENT */;
/*!40101 SET @OLD_CHARACTER_SET_RESULTS=@@CHARACTER_SET_RESULTS */;
/*!40101 SET @OLD_COLLATION_CONNECTION=@@COLLATION_CONNECTION */;
/*!40101 SET NAMES utf8mb4 */;

--
-- Database: `hellosil_res`
--

-- --------------------------------------------------------

--
-- Table structure for table `company_settings`
--

CREATE TABLE `company_settings` (
  `id` int NOT NULL,
  `name` varchar(255) NOT NULL,
  `address` text NOT NULL,
  `phone` varchar(50) NOT NULL,
  `email` varchar(255) NOT NULL,
  `logo` varchar(255) DEFAULT NULL,
  `currency_symbol` varchar(5) NOT NULL DEFAULT '$'
) ENGINE=InnoDB DEFAULT CHARSET=utf8mb4 COLLATE=utf8mb4_general_ci;

--
-- Dumping data for table `company_settings`
--

INSERT INTO `company_settings` (`id`, `name`, `address`, `phone`, `email`, `logo`, `currency_symbol`) VALUES
(1, 'MatoshVIP', 'Iya Oyo Amala, Wuye Abuja.', '+2347076871750', 'sherpackage@gmail.com', 'logo_6912f2e902d4b.jpg', '₦');

-- --------------------------------------------------------

--
-- Table structure for table `customers`
--

CREATE TABLE `customers` (
  `id` int NOT NULL,
  `name` varchar(255) NOT NULL,
  `phone` varchar(50) DEFAULT NULL,
  `email` varchar(255) DEFAULT NULL,
  `created_at` timestamp NOT NULL DEFAULT CURRENT_TIMESTAMP
) ENGINE=InnoDB DEFAULT CHARSET=utf8mb4 COLLATE=utf8mb4_general_ci;

--
-- Dumping data for table `customers`
--

INSERT INTO `customers` (`id`, `name`, `phone`, `email`, `created_at`) VALUES
(1, 'Walk-in Customer', NULL, NULL, '2025-11-11 08:16:16'),
(2, 'John Doe', '08012345678', 'john.doe@example.com', '2025-11-11 08:16:16');

-- --------------------------------------------------------

--
-- Table structure for table `menu_items`
--

CREATE TABLE `menu_items` (
  `id` int NOT NULL,
  `name` varchar(255) NOT NULL,
  `category` varchar(100) NOT NULL,
  `price` decimal(10,2) NOT NULL,
  `availability` tinyint(1) NOT NULL DEFAULT '1',
  `image` varchar(255) DEFAULT NULL
) ENGINE=InnoDB DEFAULT CHARSET=utf8mb4 COLLATE=utf8mb4_general_ci;

--
-- Dumping data for table `menu_items`
--

INSERT INTO `menu_items` (`id`, `name`, `category`, `price`, `availability`, `image`) VALUES
(1, 'Beans', 'Main Dish', 1400.00, 1, ''),
(2, 'Plantain', 'Protein', 2000.00, 1, ''),
(3, 'Egg', 'Protein', 1000.00, 1, ''),
(4, 'Rice', 'Main Dish', 1400.00, 1, ''),
(5, 'Amala', 'Main Dish', 1200.00, 1, 'prod_6912f19fe4d583.41561016.jpg'),
(6, 'Pounded Yam', 'Main Dish', 1600.00, 1, ''),
(10, 'Eba', 'Main Dish', 1200.00, 1, ''),
(11, 'Assorted', 'Protein', 1500.00, 1, NULL),
(12, 'Ponmo', 'Protein', 1500.00, 1, NULL),
(13, 'Beef', 'Protein', 3000.00, 1, NULL),
(14, 'Titus Fish', 'Protein', 4500.00, 1, ''),
(16, 'Panla Fish', 'Protein', 7000.00, 1, ''),
(17, 'Goat Meat', 'Protein', 4500.00, 1, ''),
(18, 'Turkey ', 'Protein', 8000.00, 1, NULL),
(19, 'Zobo', 'Beverages', 2000.00, 1, NULL),
(20, 'Orange juice', 'Beverages', 2000.00, 1, NULL),
(21, 'Coca Cola', 'Beverages', 1500.00, 1, ''),
(22, 'Fanta', 'Beverages', 1500.00, 1, NULL),
(23, 'Sprite', 'Beverages', 1500.00, 1, NULL),
(24, 'Sprite', 'Beverages', 1200.00, 1, NULL),
(25, 'Coke', 'Beverages', 1200.00, 1, NULL),
(26, 'Sprite', 'Beverages', 1200.00, 1, NULL),
(27, 'Fanta', 'Beverages', 1200.00, 1, NULL),
(28, 'Schweppes', 'Beverages', 1500.00, 1, NULL),
(29, 'Monster Energy', 'Beverages', 3000.00, 1, NULL),
(30, 'Water', 'Beverages', 1000.00, 1, NULL),
(31, 'Coke', 'Beverages', 1100.00, 1, NULL),
(32, 'Fanta', 'Beverages', 1100.00, 1, NULL),
(33, 'Sprite', 'Beverages', 1100.00, 1, NULL),
(34, 'Pulpy Orange', 'Beverages', 1100.00, 1, NULL),
(35, 'Amstel Malt', 'Beverages', 1000.00, 1, ''),
(36, 'Maltina', 'Beverages', 1500.00, 1, ''),
(37, 'Fayrouz', 'Beverages', 1500.00, 1, ''),
(38, 'Predator Energy', 'Beverages', 3000.00, 1, NULL),
(39, 'Ewedu(xtra)', 'Soup', 1000.00, 1, NULL),
(40, 'Gbegiri(xtra)', 'Soup', 1000.00, 1, NULL),
(41, 'Egusi(xtra)', 'Soup', 1000.00, 1, NULL),
(42, 'Okra(xtra)', 'Soup', 1000.00, 1, NULL),
(43, 'Fried Stew', 'Soup', 1000.00, 1, NULL),
(44, 'Red Stew', 'Soup', 1000.00, 1, NULL),
(45, 'Water melon Juice', 'Beverages', 2000.00, 1, NULL),
(46, 'Regular', 'Packaging', 3000.00, 1, NULL),
(47, 'Mibeni', 'Packaging', 3600.00, 1, NULL),
(48, 'Vegetable', 'Soup', 1000.00, 1, NULL),
(49, 'Big Boy', 'Packaging', 4000.00, 1, '');

-- --------------------------------------------------------

--
-- Table structure for table `orders`
--

CREATE TABLE `orders` (
  `id` int NOT NULL,
  `table_id` int DEFAULT NULL,
  `customer_id` int DEFAULT NULL,
  `user_id` int NOT NULL,
  `subtotal` decimal(10,2) NOT NULL,
  `tax_amount` decimal(10,2) NOT NULL,
  `status` enum('Pending','In Progress','Served','Completed') NOT NULL DEFAULT 'Pending',
  `payment_status` enum('Unpaid','Partially Paid','Paid') NOT NULL DEFAULT 'Unpaid',
  `total_price` decimal(10,2) NOT NULL DEFAULT '0.00',
  `created_at` timestamp NOT NULL DEFAULT CURRENT_TIMESTAMP
) ENGINE=InnoDB DEFAULT CHARSET=utf8mb4 COLLATE=utf8mb4_general_ci;

--
-- Dumping data for table `orders`
--

INSERT INTO `orders` (`id`, `table_id`, `customer_id`, `user_id`, `subtotal`, `tax_amount`, `status`, `payment_status`, `total_price`, `created_at`) VALUES
(1, 3, NULL, 2, 0.00, 0.00, 'Completed', 'Paid', 29.50, '2025-11-11 15:00:00'),
(2, 5, NULL, 2, 0.00, 0.00, 'Completed', 'Paid', 16.50, '2025-11-11 14:00:00'),
(3, 2, 1, 5, 2.50, 0.40, 'Completed', 'Paid', 2.90, '2025-11-11 08:25:54'),
(4, 5, NULL, 5, 2.50, 0.40, 'Completed', 'Paid', 2.90, '2025-11-11 08:36:33'),
(5, 1, NULL, 6, 88.50, 14.16, 'Completed', 'Paid', 113.00, '2025-11-18 08:53:32'),
(6, 3, 1, 6, 10000.00, 750.00, 'Completed', 'Paid', 10750.00, '2025-11-25 11:31:28'),
(7, 2, 1, 6, 13900.00, 0.00, 'Completed', 'Paid', 13900.00, '2025-11-25 13:03:50'),
(8, 2, NULL, 6, 38900.00, 0.00, 'Completed', 'Paid', 38900.00, '2025-11-25 14:02:31'),
(9, 10, NULL, 6, 29200.00, 0.00, 'Completed', 'Paid', 29200.00, '2025-11-25 14:05:17'),
(10, 1, NULL, 6, 21000.00, 0.00, 'Completed', 'Paid', 21000.00, '2025-11-25 14:08:44'),
(11, 4, NULL, 6, 10600.00, 0.00, 'Completed', 'Paid', 10600.00, '2025-11-25 14:12:31'),
(12, 8, NULL, 6, 133500.00, 0.00, 'Completed', 'Paid', 147800.00, '2025-11-25 14:15:26'),
(13, 11, NULL, 6, 94400.00, 0.00, 'Completed', 'Paid', 94400.00, '2025-11-25 14:41:44'),
(14, 9, 1, 6, 14600.00, 0.00, 'Completed', 'Paid', 14600.00, '2025-11-25 15:39:57'),
(15, 10, 1, 6, 65600.00, 0.00, 'Completed', 'Paid', 65600.00, '2025-11-25 16:16:06'),
(16, 9, 1, 6, 36300.00, 0.00, 'Completed', 'Paid', 36300.00, '2025-11-25 16:38:48'),
(17, 6, 1, 6, 15900.00, 0.00, 'Completed', 'Paid', 15900.00, '2025-11-25 16:41:05'),
(18, 7, 1, 6, 21100.00, 0.00, 'Completed', 'Paid', 24300.00, '2025-11-26 12:36:02'),
(19, 9, 1, 6, 84000.00, 0.00, 'Completed', 'Paid', 84000.00, '2025-11-26 13:21:14'),
(20, 7, 1, 6, 25000.00, 0.00, 'Completed', 'Paid', 25000.00, '2025-11-26 13:33:16'),
(21, 1, 1, 6, 6400.00, 0.00, 'Completed', 'Paid', 6400.00, '2025-11-26 14:01:17'),
(22, 2, 1, 6, 25200.00, 0.00, 'Completed', 'Paid', 25200.00, '2025-11-26 14:53:40'),
(23, 8, 1, 6, 11800.00, 0.00, 'Completed', 'Paid', 11800.00, '2025-11-26 15:39:35'),
(24, 8, 1, 6, 11800.00, 0.00, 'Completed', 'Paid', 11800.00, '2025-11-26 15:39:36'),
(25, 4, 1, 6, 23700.00, 0.00, 'Completed', 'Paid', 24700.00, '2025-11-26 16:26:36'),
(26, 3, 1, 6, 34000.00, 0.00, 'Completed', 'Paid', 34000.00, '2025-11-26 16:29:21'),
(27, 8, 1, 6, 68500.00, 0.00, 'Completed', 'Paid', 68500.00, '2025-11-27 09:29:53'),
(28, 8, NULL, 6, 18300.00, 0.00, 'Completed', 'Paid', 29900.00, '2025-11-27 12:02:56'),
(29, 2, 1, 6, 49200.00, 0.00, 'Completed', 'Paid', 49200.00, '2025-11-27 12:26:25'),
(30, 9, 1, 6, 16600.00, 0.00, 'Completed', 'Paid', 20900.00, '2025-11-27 12:45:03'),
(31, 7, 1, 6, 11200.00, 0.00, 'Completed', 'Paid', 11200.00, '2025-11-27 13:43:06'),
(32, 9, 1, 6, 24800.00, 0.00, 'Completed', 'Paid', 24800.00, '2025-11-27 14:08:02'),
(33, 4, 1, 6, 37700.00, 0.00, 'Completed', 'Paid', 37700.00, '2025-11-27 14:11:00'),
(34, 7, 1, 6, 26200.00, 0.00, 'Completed', 'Paid', 26200.00, '2025-11-27 15:23:45'),
(35, 9, 1, 6, 26700.00, 0.00, 'Completed', 'Paid', 26700.00, '2025-11-27 16:52:46'),
(36, 8, 1, 6, 27500.00, 0.00, 'Completed', 'Paid', 26500.00, '2025-11-27 17:21:12'),
(37, 8, 1, 6, 53300.00, 0.00, 'Completed', 'Paid', 53300.00, '2025-11-28 11:37:04'),
(38, 3, 1, 6, 5300.00, 0.00, 'Completed', 'Paid', 5300.00, '2025-11-28 12:06:49'),
(39, 8, 1, 6, 1200.00, 0.00, 'Completed', 'Paid', 1200.00, '2025-11-28 12:07:58'),
(40, 3, 1, 6, 16100.00, 0.00, 'Completed', 'Paid', 16100.00, '2025-11-28 12:16:40'),
(41, 4, 1, 6, 3900.00, 0.00, 'Completed', 'Paid', 3900.00, '2025-11-28 12:17:15'),
(42, 8, NULL, 6, 16800.00, 0.00, 'Completed', 'Paid', 16800.00, '2025-11-28 12:41:39'),
(43, 9, 1, 6, 13800.00, 0.00, 'Completed', 'Paid', 13800.00, '2025-11-28 14:16:30'),
(44, 10, 1, 6, 51600.00, 0.00, 'Completed', 'Paid', 51600.00, '2025-11-28 14:28:37'),
(45, 9, NULL, 6, 29200.00, 0.00, 'Completed', 'Paid', 29200.00, '2025-11-29 13:50:18'),
(46, 1, NULL, 6, 61600.00, 0.00, 'Completed', 'Paid', 62600.00, '2025-11-29 14:20:18'),
(47, 10, NULL, 6, 57700.00, 0.00, 'Completed', 'Paid', 61300.00, '2025-11-29 14:46:50'),
(48, 8, NULL, 6, 31100.00, 0.00, 'Completed', 'Paid', 31100.00, '2025-11-29 14:51:06'),
(49, 1, NULL, 6, 32100.00, 0.00, 'Completed', 'Paid', 32100.00, '2025-11-29 16:23:31'),
(50, 6, NULL, 6, 20100.00, 0.00, 'Completed', 'Paid', 20100.00, '2025-11-29 17:18:50'),
(51, 3, NULL, 6, 7600.00, 0.00, 'Completed', 'Paid', 7600.00, '2025-11-29 17:19:28'),
(52, 8, 1, 6, 34700.00, 0.00, 'Completed', 'Paid', 34700.00, '2025-12-01 11:21:23'),
(53, 9, 1, 6, 14100.00, 0.00, 'Completed', 'Paid', 14100.00, '2025-12-01 12:49:56'),
(54, 7, 1, 6, 11900.00, 0.00, 'Completed', 'Paid', 11900.00, '2025-12-01 14:38:23'),
(55, 3, 1, 6, 14300.00, 0.00, 'Completed', 'Paid', 14300.00, '2025-12-01 14:48:32'),
(56, 6, 1, 6, 36800.00, 0.00, 'Completed', 'Paid', 36800.00, '2025-12-01 15:38:52'),
(57, 8, 1, 6, 28800.00, 0.00, 'Completed', 'Paid', 25800.00, '2025-12-01 15:50:39'),
(58, 4, NULL, 6, 8800.00, 0.00, 'Completed', 'Paid', 8800.00, '2025-12-01 16:02:03'),
(59, 9, 1, 6, 6400.00, 0.00, 'Completed', 'Paid', 6400.00, '2025-12-01 17:19:33'),
(60, 2, 1, 6, 76800.00, 0.00, 'Completed', 'Paid', 76800.00, '2025-12-02 13:07:17'),
(61, 7, 1, 6, 39800.00, 0.00, 'Completed', 'Paid', 40100.00, '2025-12-02 13:12:48'),
(62, 8, 1, 6, 27800.00, 0.00, 'Completed', 'Paid', 27800.00, '2025-12-02 13:17:09'),
(63, 3, 1, 6, 55900.00, 0.00, 'Completed', 'Paid', 56900.00, '2025-12-02 14:07:18'),
(64, 3, 1, 6, 264300.00, 0.00, 'Completed', 'Paid', 314000.00, '2025-12-02 16:03:29'),
(65, 12, 1, 6, 57400.00, 0.00, 'Completed', 'Paid', 39800.00, '2025-12-02 16:10:16'),
(66, 4, 1, 6, 13800.00, 0.00, 'Completed', 'Paid', 13800.00, '2025-12-02 16:12:20'),
(67, 13, 1, 6, 106100.00, 0.00, 'Completed', 'Paid', 145700.00, '2025-12-02 16:27:52'),
(68, 2, 1, 6, 15100.00, 0.00, 'Completed', 'Paid', 16600.00, '2025-12-03 10:58:28'),
(69, 3, 1, 6, 10900.00, 0.00, 'Completed', 'Paid', 10900.00, '2025-12-03 11:28:36'),
(70, 8, 1, 6, 25500.00, 0.00, 'Completed', 'Paid', 25500.00, '2025-12-03 12:06:14'),
(71, 7, 1, 6, 59900.00, 0.00, 'Completed', 'Paid', 59900.00, '2025-12-03 12:48:53'),
(72, 9, 1, 6, 13000.00, 0.00, 'Completed', 'Paid', 13000.00, '2025-12-03 12:58:24'),
(73, 6, 1, 6, 55800.00, 0.00, 'Completed', 'Paid', 61800.00, '2025-12-03 13:32:19'),
(74, 4, 1, 6, 11100.00, 0.00, 'Completed', 'Paid', 11100.00, '2025-12-03 13:35:57'),
(75, 10, 1, 6, 30200.00, 0.00, 'Completed', 'Paid', 32000.00, '2025-12-03 14:19:18'),
(76, 3, 1, 6, 36400.00, 0.00, 'Completed', 'Paid', 36400.00, '2025-12-03 14:51:34'),
(77, 8, 1, 6, 34100.00, 0.00, 'Completed', 'Paid', 34100.00, '2025-12-03 15:07:10'),
(78, 1, 1, 6, 18800.00, 0.00, 'Completed', 'Paid', 18800.00, '2025-12-03 15:09:53'),
(79, 10, 1, 6, 31800.00, 0.00, 'Completed', 'Paid', 31800.00, '2025-12-03 15:30:31'),
(80, 9, 1, 6, 64500.00, 0.00, 'Completed', 'Paid', 81000.00, '2025-12-03 16:17:52'),
(81, 1, 1, 6, 10600.00, 0.00, 'Completed', 'Paid', 10600.00, '2025-12-04 12:23:37'),
(82, 7, 1, 6, 13600.00, 0.00, 'Completed', 'Paid', 13600.00, '2025-12-04 12:30:34'),
(83, 9, 1, 6, 17700.00, 0.00, 'Completed', 'Paid', 17700.00, '2025-12-04 13:26:13'),
(84, 10, 1, 6, 13600.00, 0.00, 'Completed', 'Paid', 34600.00, '2025-12-04 13:44:41'),
(85, 2, 1, 6, 20400.00, 0.00, 'Completed', 'Paid', 23600.00, '2025-12-04 14:14:15'),
(86, 7, 1, 6, 23900.00, 0.00, 'Completed', 'Paid', 23900.00, '2025-12-04 14:20:17'),
(87, 2, 1, 6, 62000.00, 0.00, 'Completed', 'Paid', 62000.00, '2025-12-04 16:00:36'),
(88, 3, 1, 6, 34100.00, 0.00, 'Completed', 'Paid', 38300.00, '2025-12-04 16:50:48'),
(89, 8, NULL, 6, 34800.00, 0.00, 'Completed', 'Paid', 34800.00, '2025-12-05 10:52:08'),
(90, 12, 1, 6, 31700.00, 0.00, 'Completed', 'Paid', 48900.00, '2025-12-05 12:38:23'),
(91, 13, 1, 6, 39700.00, 0.00, 'Completed', 'Paid', 45700.00, '2025-12-05 14:17:45'),
(92, 9, 1, 6, 34300.00, 0.00, 'Completed', 'Paid', 34300.00, '2025-12-05 14:25:42'),
(93, 1, NULL, 6, 31700.00, 0.00, 'Completed', 'Paid', 31700.00, '2025-12-05 14:37:45'),
(94, 3, NULL, 6, 29700.00, 0.00, 'Completed', 'Paid', 34200.00, '2025-12-05 14:43:13'),
(95, 5, NULL, 6, 45900.00, 0.00, 'Completed', 'Paid', 92200.00, '2025-12-05 14:47:49'),
(96, 4, NULL, 6, 46900.00, 0.00, 'Completed', 'Paid', 46900.00, '2025-12-05 14:59:39'),
(97, 11, NULL, 6, 17800.00, 0.00, 'Completed', 'Paid', 17800.00, '2025-12-05 15:07:30'),
(98, 12, NULL, 6, 23200.00, 0.00, 'Completed', 'Paid', 23200.00, '2025-12-05 15:10:57'),
(99, 8, NULL, 6, 17200.00, 0.00, 'Completed', 'Paid', 17200.00, '2025-12-05 15:52:33'),
(100, 3, NULL, 6, 86300.00, 0.00, 'Completed', 'Paid', 99300.00, '2025-12-05 15:56:47'),
(101, 3, 1, 6, 32400.00, 0.00, 'Completed', 'Paid', 32400.00, '2025-12-05 16:56:30'),
(102, 2, NULL, 6, 20100.00, 0.00, 'Completed', 'Paid', 20100.00, '2025-12-06 10:10:37'),
(103, 3, NULL, 6, 28200.00, 0.00, 'Completed', 'Paid', 28200.00, '2025-12-06 10:56:21'),
(104, 2, NULL, 6, 29800.00, 0.00, 'Completed', 'Paid', 30800.00, '2025-12-06 11:36:51'),
(105, 1, NULL, 6, 10800.00, 0.00, 'Completed', 'Paid', 10800.00, '2025-12-06 11:46:08'),
(106, 1, NULL, 6, 14800.00, 0.00, 'Completed', 'Paid', 14800.00, '2025-12-06 12:38:46'),
(107, 8, NULL, 6, 9300.00, 0.00, 'Completed', 'Paid', 9300.00, '2025-12-06 13:10:23'),
(108, 2, NULL, 6, 13100.00, 0.00, 'Completed', 'Paid', 13100.00, '2025-12-06 14:14:46'),
(109, 3, NULL, 6, 60500.00, 0.00, 'Completed', 'Paid', 60500.00, '2025-12-06 14:41:36'),
(110, 4, NULL, 6, 6600.00, 0.00, 'Completed', 'Paid', 6600.00, '2025-12-06 16:57:27'),
(111, 2, 1, 6, 18400.00, 0.00, 'Completed', 'Paid', 24400.00, '2025-12-08 11:05:02'),
(112, 8, 1, 6, 13600.00, 0.00, 'Completed', 'Paid', 13600.00, '2025-12-08 11:11:06'),
(113, 7, 1, 6, 11900.00, 0.00, 'Completed', 'Paid', 11900.00, '2025-12-08 11:29:31'),
(114, 3, 1, 6, 13800.00, 0.00, 'Completed', 'Paid', 13800.00, '2025-12-08 12:17:53'),
(115, 6, 1, 6, 33700.00, 0.00, 'Completed', 'Paid', 33700.00, '2025-12-08 15:18:44'),
(116, 2, 1, 6, 35600.00, 0.00, 'Completed', 'Paid', 33600.00, '2025-12-10 11:00:56'),
(117, 3, 1, 6, 9100.00, 0.00, 'Completed', 'Paid', 9100.00, '2025-12-10 11:08:39'),
(118, 3, 1, 6, 9100.00, 0.00, 'Completed', 'Paid', 9100.00, '2025-12-10 11:08:39'),
(119, 8, 1, 6, 51200.00, 0.00, 'Completed', 'Paid', 51200.00, '2025-12-10 12:30:55'),
(120, 2, 1, 6, 31800.00, 0.00, 'Completed', 'Paid', 31800.00, '2025-12-10 15:24:44'),
(121, 8, 1, 6, 36100.00, 0.00, 'Completed', 'Paid', 34600.00, '2025-12-10 15:44:39'),
(122, 3, 1, 6, 99200.00, 0.00, 'Completed', 'Paid', 99200.00, '2025-12-10 15:58:31'),
(123, 7, 1, 6, 40000.00, 0.00, 'Completed', 'Paid', 40000.00, '2025-12-10 16:06:55'),
(124, 3, 1, 6, 26100.00, 0.00, 'Completed', 'Paid', 28100.00, '2025-12-11 12:22:38'),
(125, 2, 1, 6, 12300.00, 0.00, 'Completed', 'Paid', 12300.00, '2025-12-11 12:47:22'),
(126, 10, 1, 6, 27000.00, 0.00, 'Completed', 'Paid', 27000.00, '2025-12-11 13:30:07'),
(127, 6, 1, 6, 18600.00, 0.00, 'Completed', 'Paid', 20600.00, '2025-12-11 13:35:55'),
(128, 3, 1, 6, 39100.00, 0.00, 'Completed', 'Paid', 39100.00, '2025-12-11 14:25:03'),
(129, 9, 1, 6, 204800.00, 0.00, 'Completed', 'Paid', 204800.00, '2025-12-11 14:58:36'),
(130, 7, 1, 6, 12400.00, 0.00, 'Completed', 'Paid', 12400.00, '2025-12-11 15:01:12'),
(131, 2, 1, 6, 33900.00, 0.00, 'Completed', 'Paid', 33900.00, '2025-12-11 15:24:41'),
(132, 10, 1, 6, 18000.00, 0.00, 'Completed', 'Paid', 18000.00, '2025-12-11 15:26:01'),
(133, 7, NULL, 6, 30200.00, 0.00, 'Completed', 'Paid', 30200.00, '2025-12-12 10:56:20'),
(134, 6, NULL, 6, 57000.00, 0.00, 'Completed', 'Paid', 57000.00, '2025-12-12 11:21:22'),
(135, 3, NULL, 6, 20900.00, 0.00, 'Completed', 'Paid', 20900.00, '2025-12-12 12:21:05'),
(136, 2, NULL, 6, 21500.00, 0.00, 'Completed', 'Paid', 21500.00, '2025-12-12 12:23:28'),
(137, 2, NULL, 6, 25900.00, 0.00, 'Completed', 'Paid', 27300.00, '2025-12-12 13:12:26'),
(138, 4, NULL, 6, 18000.00, 0.00, 'Completed', 'Paid', 18000.00, '2025-12-12 13:21:48'),
(139, 8, NULL, 6, 14900.00, 0.00, 'Completed', 'Paid', 14900.00, '2025-12-12 13:48:04'),
(140, 9, NULL, 6, 49200.00, 0.00, 'Completed', 'Paid', 49200.00, '2025-12-12 13:57:17'),
(141, 2, NULL, 6, 18300.00, 0.00, 'Completed', 'Paid', 18300.00, '2025-12-12 13:59:12'),
(142, 1, NULL, 6, 13700.00, 0.00, 'Completed', 'Paid', 25900.00, '2025-12-12 13:59:59'),
(143, 3, NULL, 6, 21400.00, 0.00, 'Completed', 'Paid', 21400.00, '2025-12-12 14:14:32'),
(144, 3, NULL, 6, 21400.00, 0.00, 'Completed', 'Paid', 21400.00, '2025-12-12 14:14:33'),
(145, 8, NULL, 6, 12300.00, 0.00, 'Completed', 'Paid', 12300.00, '2025-12-12 14:36:41'),
(146, 7, NULL, 6, 29300.00, 0.00, 'Completed', 'Paid', 84600.00, '2025-12-12 15:19:54'),
(147, 4, NULL, 6, 29900.00, 0.00, 'Completed', 'Paid', 29900.00, '2025-12-12 15:20:21'),
(148, 3, NULL, 6, 62600.00, 0.00, 'Completed', 'Paid', 62600.00, '2025-12-12 17:14:05'),
(149, 1, NULL, 6, 11900.00, 0.00, 'Completed', 'Paid', 11900.00, '2025-12-13 12:51:32'),
(150, 10, NULL, 6, 94700.00, 0.00, 'Completed', 'Paid', 94700.00, '2025-12-13 13:32:04'),
(151, 3, NULL, 6, 12300.00, 0.00, 'Completed', 'Paid', 12300.00, '2025-12-13 14:23:37'),
(152, 7, NULL, 6, 18500.00, 0.00, 'Completed', 'Paid', 18500.00, '2025-12-13 15:54:44'),
(153, 4, NULL, 6, 37500.00, 0.00, 'Completed', 'Paid', 39500.00, '2025-12-13 16:32:02'),
(154, 2, NULL, 6, 14100.00, 0.00, 'Completed', 'Paid', 29400.00, '2025-12-15 10:52:46'),
(155, 1, NULL, 6, 17700.00, 0.00, 'Completed', 'Paid', 17700.00, '2025-12-15 12:10:41'),
(156, 8, NULL, 6, 20100.00, 0.00, 'Completed', 'Paid', 20100.00, '2025-12-15 12:13:02'),
(157, 2, NULL, 6, 47100.00, 0.00, 'Completed', 'Paid', 47100.00, '2025-12-15 12:38:45'),
(158, 3, NULL, 6, 32700.00, 0.00, 'Completed', 'Paid', 32700.00, '2025-12-15 14:05:29'),
(159, 4, NULL, 6, 81500.00, 0.00, 'Completed', 'Paid', 81500.00, '2025-12-15 16:01:30'),
(160, 9, 1, 6, 111100.00, 0.00, 'Completed', 'Paid', 117100.00, '2025-12-16 11:49:46'),
(161, 2, 1, 6, 50200.00, 0.00, 'Completed', 'Paid', 52600.00, '2025-12-16 12:48:07'),
(162, 3, 1, 6, 77500.00, 0.00, 'Completed', 'Paid', 77500.00, '2025-12-16 13:15:22'),
(163, 3, 1, 6, 29600.00, 0.00, 'Completed', 'Paid', 32000.00, '2025-12-16 13:56:16'),
(164, 7, 1, 6, 41000.00, 0.00, 'Completed', 'Paid', 48500.00, '2025-12-16 14:24:49'),
(165, 11, 1, 6, 8400.00, 0.00, 'Completed', 'Paid', 8400.00, '2025-12-16 14:27:54'),
(166, 9, 1, 6, 64600.00, 0.00, 'Completed', 'Paid', 64600.00, '2025-12-16 14:50:01'),
(167, 2, 1, 6, 8800.00, 0.00, 'Completed', 'Paid', 8800.00, '2025-12-16 14:51:02'),
(168, 2, 1, 6, 20600.00, 0.00, 'Completed', 'Paid', 20600.00, '2025-12-16 14:54:14'),
(169, 2, 1, 6, 20600.00, 0.00, 'Completed', 'Paid', 20600.00, '2025-12-16 14:54:15'),
(170, 12, 1, 6, 96700.00, 0.00, 'Completed', 'Paid', 96700.00, '2025-12-16 15:31:41'),
(171, 9, 1, 6, 48500.00, 0.00, 'Completed', 'Paid', 48500.00, '2025-12-16 15:53:07'),
(172, 1, NULL, 6, 50300.00, 0.00, 'Completed', 'Paid', 51900.00, '2025-12-17 08:50:34'),
(173, 3, NULL, 6, 57200.00, 0.00, 'Completed', 'Paid', 57200.00, '2025-12-17 08:52:40'),
(174, 9, 1, 6, 35800.00, 0.00, 'Completed', 'Paid', 33800.00, '2025-12-17 13:42:16'),
(175, 8, 1, 6, 27500.00, 0.00, 'Completed', 'Paid', 27500.00, '2025-12-17 13:54:20'),
(176, 6, NULL, 6, 14900.00, 0.00, 'Completed', 'Paid', 14900.00, '2025-12-17 15:09:51'),
(177, 12, 1, 6, 30000.00, 0.00, 'Completed', 'Paid', 30000.00, '2025-12-17 15:37:29'),
(178, 3, 1, 6, 21100.00, 0.00, 'Completed', 'Paid', 21100.00, '2025-12-18 10:57:53'),
(179, 2, NULL, 6, 7400.00, 0.00, 'Completed', 'Paid', 7400.00, '2025-12-18 12:23:15'),
(180, 8, 1, 6, 33000.00, 0.00, 'Completed', 'Paid', 33000.00, '2025-12-18 12:51:10'),
(181, 9, 1, 6, 54500.00, 0.00, 'Completed', 'Paid', 54500.00, '2025-12-18 13:05:49'),
(182, 10, 1, 6, 28200.00, 0.00, 'Completed', 'Paid', 28200.00, '2025-12-18 13:33:53'),
(183, 6, NULL, 6, 22900.00, 0.00, 'Completed', 'Paid', 22900.00, '2025-12-18 15:17:46'),
(184, 11, 1, 6, 27200.00, 0.00, 'Completed', 'Paid', 27200.00, '2025-12-18 15:48:51'),
(185, 3, 1, 6, 14800.00, 0.00, 'Completed', 'Paid', 14800.00, '2025-12-19 10:54:06'),
(186, 8, 1, 6, 22500.00, 0.00, 'Completed', 'Paid', 22500.00, '2025-12-19 12:15:09'),
(187, 8, 1, 6, 43200.00, 0.00, 'Completed', 'Paid', 43200.00, '2025-12-19 13:30:19'),
(188, 6, 1, 6, 21500.00, 0.00, 'Completed', 'Paid', 21500.00, '2025-12-19 14:00:47'),
(189, 9, 1, 6, 64200.00, 0.00, 'Completed', 'Paid', 64200.00, '2025-12-19 14:54:16'),
(190, 10, 1, 6, 19800.00, 0.00, 'Completed', 'Paid', 19800.00, '2025-12-19 15:26:23'),
(191, 2, 1, 6, 17400.00, 0.00, 'Completed', 'Paid', 17400.00, '2025-12-19 16:52:24'),
(192, 8, 1, 6, 34700.00, 0.00, 'Completed', 'Paid', 34700.00, '2025-12-20 12:57:03'),
(193, 2, 1, 6, 45300.00, 0.00, 'Completed', 'Paid', 45300.00, '2025-12-20 17:19:33'),
(194, 7, 1, 6, 12400.00, 0.00, 'Completed', 'Paid', 12400.00, '2025-12-22 12:32:45'),
(195, 8, 1, 6, 19200.00, 0.00, 'Completed', 'Paid', 19200.00, '2025-12-22 13:07:43'),
(196, 9, 1, 6, 29000.00, 0.00, 'Completed', 'Paid', 29000.00, '2025-12-22 14:11:17'),
(197, 10, 1, 6, 16800.00, 0.00, 'Completed', 'Paid', 13300.00, '2025-12-22 14:15:53'),
(198, 3, 1, 6, 25800.00, 0.00, 'Completed', 'Paid', 25800.00, '2025-12-22 16:04:30'),
(199, 1, 1, 6, 30200.00, 0.00, 'Completed', 'Paid', 30400.00, '2025-12-23 12:20:05'),
(200, 8, 1, 6, 24500.00, 0.00, 'Completed', 'Paid', 28100.00, '2025-12-23 12:28:22'),
(201, 8, 1, 6, 24500.00, 0.00, 'Completed', 'Paid', 24500.00, '2025-12-23 12:28:23'),
(202, 3, 1, 6, 30800.00, 0.00, 'Completed', 'Paid', 30800.00, '2025-12-23 13:01:39'),
(203, 10, 1, 6, 34400.00, 0.00, 'Completed', 'Paid', 35600.00, '2025-12-23 13:37:36'),
(204, 2, 1, 6, 33100.00, 0.00, 'Completed', 'Paid', 33100.00, '2025-12-23 14:07:36'),
(205, 9, 1, 6, 13100.00, 0.00, 'Completed', 'Paid', 13100.00, '2025-12-24 10:34:17'),
(206, 9, 1, 6, 13100.00, 0.00, 'Completed', 'Paid', 13100.00, '2025-12-24 10:34:21'),
(207, 9, 1, 6, 13100.00, 0.00, 'Completed', 'Paid', 13100.00, '2025-12-24 10:34:23'),
(208, 9, 1, 6, 13100.00, 0.00, 'Completed', 'Paid', 13100.00, '2025-12-24 10:34:27'),
(209, 9, 1, 6, 13100.00, 0.00, 'Completed', 'Paid', 13100.00, '2025-12-24 10:34:35'),
(210, 9, 1, 6, 13100.00, 0.00, 'Completed', 'Paid', 13100.00, '2025-12-24 10:34:37'),
(211, 9, 1, 6, 13100.00, 0.00, 'Completed', 'Paid', 13100.00, '2025-12-24 10:34:37'),
(212, 9, 1, 6, 13100.00, 0.00, 'Completed', 'Paid', 13100.00, '2025-12-24 10:34:42'),
(213, 9, 1, 6, 13100.00, 0.00, 'Completed', 'Paid', 13100.00, '2025-12-24 10:34:42'),
(214, 9, 1, 6, 13100.00, 0.00, 'Completed', 'Paid', 13100.00, '2025-12-24 10:34:42'),
(215, 9, 1, 6, 13100.00, 0.00, 'Completed', 'Paid', 13100.00, '2025-12-24 10:34:42'),
(216, 11, 1, 6, 13100.00, 0.00, 'Completed', 'Paid', 13100.00, '2025-12-24 10:35:57'),
(217, 12, 1, 6, 13100.00, 0.00, 'Completed', 'Paid', 13100.00, '2025-12-24 10:41:57'),
(218, 10, 1, 6, 19700.00, 0.00, 'Completed', 'Paid', 19700.00, '2025-12-24 11:30:13'),
(219, 8, 1, 6, 54000.00, 0.00, 'Completed', 'Paid', 54900.00, '2025-12-24 12:18:12'),
(220, 3, 1, 6, 22300.00, 0.00, 'Completed', 'Paid', 25500.00, '2025-12-24 13:10:48'),
(221, 9, 1, 6, 20800.00, 0.00, 'Completed', 'Paid', 20800.00, '2025-12-24 14:27:13'),
(222, 8, 1, 6, 75700.00, 0.00, 'Completed', 'Paid', 75700.00, '2025-12-24 14:48:49'),
(223, 8, 1, 6, 12100.00, 0.00, 'Completed', 'Paid', 21100.00, '2025-12-24 15:16:54'),
(224, 9, 1, 6, 13100.00, 0.00, 'Completed', 'Paid', 13100.00, '2025-12-24 15:22:37'),
(225, 8, 1, 6, 15100.00, 0.00, 'Completed', 'Paid', 15100.00, '2025-12-24 16:20:43'),
(226, 9, 1, 6, 13300.00, 0.00, 'Completed', 'Paid', 13300.00, '2025-12-24 16:33:17'),
(227, 6, 1, 6, 18700.00, 0.00, 'Completed', 'Paid', 18700.00, '2025-12-24 16:50:43'),
(228, 8, NULL, 6, 21200.00, 0.00, 'Completed', 'Paid', 21200.00, '2025-12-25 10:32:06'),
(229, 4, NULL, 6, 78500.00, 0.00, 'Completed', 'Paid', 81000.00, '2025-12-25 10:44:11'),
(230, 1, NULL, 6, 35600.00, 0.00, 'Completed', 'Paid', 35600.00, '2025-12-25 15:53:30'),
(231, 6, NULL, 6, 24600.00, 0.00, 'Completed', 'Paid', 24600.00, '2025-12-25 16:52:07'),
(232, 8, NULL, 6, 29300.00, 0.00, 'Completed', 'Paid', 29300.00, '2025-12-26 14:40:14'),
(233, 13, NULL, 6, 11900.00, 0.00, 'Completed', 'Paid', 11900.00, '2025-12-27 12:41:15'),
(234, 4, NULL, 6, 14400.00, 0.00, 'Completed', 'Paid', 14400.00, '2025-12-27 15:02:43'),
(235, 12, NULL, 6, 31700.00, 0.00, 'Completed', 'Paid', 31700.00, '2025-12-27 15:20:26'),
(236, 2, NULL, 6, 13600.00, 0.00, 'Completed', 'Paid', 13600.00, '2025-12-27 16:48:45'),
(237, 12, NULL, 6, 14500.00, 0.00, 'Completed', 'Paid', 14500.00, '2025-12-29 10:00:20'),
(238, 12, NULL, 6, 14500.00, 0.00, 'Completed', 'Paid', 14500.00, '2025-12-29 10:00:21'),
(239, 2, NULL, 6, 44200.00, 0.00, 'Completed', 'Paid', 48200.00, '2025-12-29 12:00:02'),
(240, 7, NULL, 6, 14900.00, 0.00, 'Completed', 'Paid', 14900.00, '2025-12-29 12:19:07'),
(241, 8, NULL, 6, 44500.00, 0.00, 'Completed', 'Paid', 44500.00, '2025-12-29 12:25:50'),
(242, 1, NULL, 6, 11600.00, 0.00, 'Completed', 'Paid', 11600.00, '2025-12-29 12:47:54'),
(243, 3, NULL, 6, 15300.00, 0.00, 'Completed', 'Paid', 15300.00, '2025-12-29 13:37:25'),
(244, 8, NULL, 6, 13900.00, 0.00, 'Completed', 'Paid', 13900.00, '2025-12-29 13:49:16'),
(245, 8, NULL, 6, 29600.00, 0.00, 'Completed', 'Paid', 29600.00, '2025-12-29 15:01:05'),
(246, 3, NULL, 6, 107000.00, 0.00, 'Pending', 'Unpaid', 107000.00, '2025-12-29 15:38:02'),
(247, 1, NULL, 6, 12500.00, 0.00, 'Pending', 'Unpaid', 13000.00, '2025-12-29 16:03:17');

-- --------------------------------------------------------

--
-- Table structure for table `order_items`
--

CREATE TABLE `order_items` (
  `id` int NOT NULL,
  `order_id` int NOT NULL,
  `menu_item_id` int NOT NULL,
  `quantity` int NOT NULL,
  `price` decimal(10,2) NOT NULL,
  `subtotal` decimal(10,2) NOT NULL
) ENGINE=InnoDB DEFAULT CHARSET=utf8mb4 COLLATE=utf8mb4_general_ci;

--
-- Dumping data for table `order_items`
--

INSERT INTO `order_items` (`id`, `order_id`, `menu_item_id`, `quantity`, `price`, `subtotal`) VALUES
(1, 1, 2, 1, 14.00, 14.00),
(2, 1, 4, 1, 15.50, 15.50),
(3, 2, 1, 1, 12.50, 12.50),
(4, 2, 5, 2, 2.50, 5.00),
(5, 3, 5, 1, 2.50, 2.50),
(6, 4, 5, 1, 2.50, 2.50),
(14, 5, 2, 1, 14.00, 14.00),
(15, 5, 3, 1, 9.00, 9.00),
(16, 5, 4, 5, 15.50, 77.50),
(17, 5, 5, 5, 2.50, 12.50),
(18, 6, 2, 1, 2000.00, 2000.00),
(19, 6, 4, 1, 1400.00, 1400.00),
(20, 6, 5, 1, 1200.00, 1200.00),
(21, 6, 6, 2, 1600.00, 3200.00),
(22, 6, 10, 1, 1200.00, 1200.00),
(23, 6, 41, 1, 1000.00, 1000.00),
(24, 7, 5, 2, 1200.00, 2400.00),
(25, 7, 11, 4, 1500.00, 6000.00),
(26, 7, 12, 1, 1500.00, 1500.00),
(27, 7, 13, 1, 3000.00, 3000.00),
(28, 7, 30, 1, 1000.00, 1000.00),
(29, 8, 5, 12, 1200.00, 14400.00),
(30, 8, 11, 9, 1500.00, 13500.00),
(31, 8, 20, 4, 2000.00, 8000.00),
(32, 8, 30, 3, 1000.00, 3000.00),
(33, 9, 6, 7, 1600.00, 11200.00),
(34, 9, 11, 8, 1500.00, 12000.00),
(35, 9, 20, 2, 2000.00, 4000.00),
(36, 9, 30, 2, 1000.00, 2000.00),
(37, 10, 5, 3, 1200.00, 3600.00),
(38, 10, 6, 4, 1600.00, 6400.00),
(39, 10, 11, 5, 1500.00, 7500.00),
(40, 10, 12, 1, 1500.00, 1500.00),
(41, 10, 30, 2, 1000.00, 2000.00),
(42, 11, 1, 1, 1400.00, 1400.00),
(43, 11, 3, 2, 1000.00, 2000.00),
(44, 11, 4, 3, 1400.00, 4200.00),
(45, 11, 46, 1, 3000.00, 3000.00),
(54, 12, 3, 2, 1000.00, 2000.00),
(55, 12, 5, 16, 1200.00, 19200.00),
(56, 12, 10, 4, 1200.00, 4800.00),
(57, 12, 11, 25, 1500.00, 37500.00),
(58, 12, 16, 10, 5000.00, 50000.00),
(59, 12, 21, 1, 1500.00, 1500.00),
(60, 12, 30, 7, 1000.00, 7000.00),
(61, 12, 41, 5, 1000.00, 5000.00),
(62, 12, 45, 5, 2000.00, 10000.00),
(63, 12, 47, 3, 3600.00, 10800.00),
(64, 13, 1, 3, 1400.00, 4200.00),
(65, 13, 2, 1, 2000.00, 2000.00),
(66, 13, 4, 5, 1400.00, 7000.00),
(67, 13, 5, 5, 1200.00, 6000.00),
(68, 13, 6, 11, 1600.00, 17600.00),
(69, 13, 11, 12, 1500.00, 18000.00),
(70, 13, 13, 1, 3000.00, 3000.00),
(71, 13, 16, 1, 5000.00, 5000.00),
(72, 13, 17, 3, 4000.00, 12000.00),
(73, 13, 20, 3, 2000.00, 6000.00),
(74, 13, 30, 3, 1000.00, 3000.00),
(75, 13, 45, 2, 2000.00, 4000.00),
(76, 13, 46, 1, 3000.00, 3000.00),
(77, 13, 47, 1, 3600.00, 3600.00),
(78, 14, 5, 3, 1200.00, 3600.00),
(79, 14, 14, 1, 3500.00, 3500.00),
(80, 14, 16, 1, 5000.00, 5000.00),
(81, 14, 21, 1, 1500.00, 1500.00),
(82, 14, 30, 1, 1000.00, 1000.00),
(83, 15, 4, 6, 1400.00, 8400.00),
(84, 15, 5, 15, 1200.00, 18000.00),
(85, 15, 11, 9, 1500.00, 13500.00),
(86, 15, 17, 3, 4000.00, 12000.00),
(87, 15, 20, 1, 2000.00, 2000.00),
(88, 15, 23, 1, 1500.00, 1500.00),
(89, 15, 25, 1, 1200.00, 1200.00),
(90, 15, 30, 3, 1000.00, 3000.00),
(91, 15, 46, 2, 3000.00, 6000.00),
(92, 16, 5, 9, 1200.00, 10800.00),
(93, 16, 11, 9, 1500.00, 13500.00),
(94, 16, 16, 1, 5000.00, 5000.00),
(95, 16, 17, 1, 4000.00, 4000.00),
(96, 16, 30, 3, 1000.00, 3000.00),
(97, 17, 5, 1, 1200.00, 1200.00),
(98, 17, 10, 1, 1200.00, 1200.00),
(99, 17, 11, 2, 1500.00, 3000.00),
(100, 17, 14, 1, 3500.00, 3500.00),
(101, 17, 17, 1, 4000.00, 4000.00),
(102, 17, 20, 1, 2000.00, 2000.00),
(103, 17, 30, 1, 1000.00, 1000.00),
(110, 18, 5, 2, 1200.00, 2400.00),
(111, 18, 6, 4, 1600.00, 6400.00),
(112, 18, 11, 7, 1500.00, 10500.00),
(113, 18, 12, 1, 1500.00, 1500.00),
(114, 18, 21, 1, 1500.00, 1500.00),
(115, 18, 30, 2, 1000.00, 2000.00),
(116, 19, 5, 15, 1200.00, 18000.00),
(117, 19, 12, 4, 1500.00, 6000.00),
(118, 19, 13, 12, 3000.00, 36000.00),
(119, 19, 17, 4, 4000.00, 16000.00),
(120, 19, 20, 2, 2000.00, 4000.00),
(121, 19, 30, 4, 1000.00, 4000.00),
(122, 20, 5, 5, 1200.00, 6000.00),
(123, 20, 11, 4, 1500.00, 6000.00),
(124, 20, 17, 2, 4000.00, 8000.00),
(125, 20, 19, 2, 2000.00, 4000.00),
(126, 20, 30, 1, 1000.00, 1000.00),
(127, 21, 5, 2, 1200.00, 2400.00),
(128, 21, 11, 2, 1500.00, 3000.00),
(129, 21, 30, 1, 1000.00, 1000.00),
(130, 22, 5, 7, 1200.00, 8400.00),
(131, 22, 6, 3, 1600.00, 4800.00),
(132, 22, 11, 6, 1500.00, 9000.00),
(133, 22, 30, 3, 1000.00, 3000.00),
(134, 23, 6, 3, 1600.00, 4800.00),
(135, 23, 11, 2, 1500.00, 3000.00),
(136, 23, 13, 1, 3000.00, 3000.00),
(137, 23, 30, 1, 1000.00, 1000.00),
(138, 24, 6, 3, 1600.00, 4800.00),
(139, 24, 11, 2, 1500.00, 3000.00),
(140, 24, 13, 1, 3000.00, 3000.00),
(141, 24, 30, 1, 1000.00, 1000.00),
(147, 26, 4, 3, 1400.00, 4200.00),
(148, 26, 6, 3, 1600.00, 4800.00),
(149, 26, 11, 6, 1500.00, 9000.00),
(150, 26, 12, 2, 1500.00, 3000.00),
(151, 26, 14, 2, 3500.00, 7000.00),
(152, 26, 20, 2, 2000.00, 4000.00),
(153, 26, 30, 2, 1000.00, 2000.00),
(163, 27, 2, 2, 2000.00, 4000.00),
(164, 27, 4, 3, 1400.00, 4200.00),
(165, 27, 5, 9, 1200.00, 10800.00),
(166, 27, 11, 7, 1500.00, 10500.00),
(167, 27, 13, 1, 3000.00, 3000.00),
(168, 27, 14, 2, 3500.00, 7000.00),
(169, 27, 17, 4, 4000.00, 16000.00),
(170, 27, 20, 5, 2000.00, 10000.00),
(171, 27, 30, 3, 1000.00, 3000.00),
(178, 28, 5, 3, 1200.00, 3600.00),
(179, 28, 6, 3, 1600.00, 4800.00),
(180, 28, 11, 6, 1500.00, 9000.00),
(181, 28, 12, 1, 1500.00, 1500.00),
(182, 28, 20, 1, 2000.00, 2000.00),
(183, 28, 30, 2, 1000.00, 2000.00),
(184, 28, 45, 2, 2000.00, 4000.00),
(185, 28, 46, 1, 3000.00, 3000.00),
(186, 29, 1, 4, 1400.00, 5600.00),
(187, 29, 4, 4, 1400.00, 5600.00),
(188, 29, 11, 12, 1500.00, 18000.00),
(189, 29, 16, 2, 7000.00, 14000.00),
(190, 29, 19, 1, 2000.00, 2000.00),
(191, 29, 30, 2, 1000.00, 2000.00),
(192, 29, 48, 2, 1000.00, 2000.00),
(193, 25, 1, 4, 1400.00, 5600.00),
(194, 25, 4, 4, 1400.00, 5600.00),
(195, 25, 11, 3, 1500.00, 4500.00),
(196, 25, 12, 2, 1500.00, 3000.00),
(197, 25, 46, 2, 3000.00, 6000.00),
(210, 30, 1, 2, 1400.00, 2800.00),
(211, 30, 4, 4, 1400.00, 5600.00),
(212, 30, 12, 1, 1500.00, 1500.00),
(213, 30, 14, 1, 4500.00, 4500.00),
(214, 30, 17, 1, 4000.00, 4000.00),
(215, 30, 23, 1, 1500.00, 1500.00),
(216, 30, 30, 1, 1000.00, 1000.00),
(217, 31, 6, 2, 1600.00, 3200.00),
(218, 31, 11, 2, 1500.00, 3000.00),
(219, 31, 17, 1, 4000.00, 4000.00),
(220, 31, 30, 1, 1000.00, 1000.00),
(221, 32, 5, 9, 1200.00, 10800.00),
(222, 32, 11, 4, 1500.00, 6000.00),
(223, 32, 12, 1, 1500.00, 1500.00),
(224, 32, 14, 1, 4500.00, 4500.00),
(225, 32, 30, 2, 1000.00, 2000.00),
(226, 33, 5, 2, 1200.00, 2400.00),
(227, 33, 6, 3, 1600.00, 4800.00),
(228, 33, 11, 9, 1500.00, 13500.00),
(229, 33, 16, 1, 7000.00, 7000.00),
(230, 33, 17, 2, 4000.00, 8000.00),
(231, 33, 30, 2, 1000.00, 2000.00),
(232, 34, 5, 2, 1200.00, 2400.00),
(233, 34, 6, 3, 1600.00, 4800.00),
(234, 34, 11, 8, 1500.00, 12000.00),
(235, 34, 12, 3, 1500.00, 4500.00),
(236, 34, 21, 1, 1500.00, 1500.00),
(237, 34, 30, 1, 1000.00, 1000.00),
(238, 35, 4, 2, 1400.00, 2800.00),
(239, 35, 5, 7, 1200.00, 8400.00),
(240, 35, 11, 3, 1500.00, 4500.00),
(241, 35, 17, 2, 4000.00, 8000.00),
(242, 35, 30, 3, 1000.00, 3000.00),
(251, 36, 2, 1, 2000.00, 2000.00),
(252, 36, 4, 4, 1400.00, 5600.00),
(253, 36, 5, 2, 1200.00, 2400.00),
(254, 36, 11, 6, 1500.00, 9000.00),
(255, 36, 13, 1, 3000.00, 3000.00),
(256, 36, 21, 1, 1500.00, 1500.00),
(257, 36, 30, 1, 1000.00, 1000.00),
(258, 36, 45, 1, 2000.00, 2000.00),
(259, 37, 1, 4, 1400.00, 5600.00),
(260, 37, 4, 6, 1400.00, 8400.00),
(261, 37, 6, 3, 1600.00, 4800.00),
(262, 37, 11, 9, 1500.00, 13500.00),
(263, 37, 16, 2, 7000.00, 14000.00),
(264, 37, 17, 1, 4000.00, 4000.00),
(265, 37, 30, 3, 1000.00, 3000.00),
(266, 38, 30, 2, 1000.00, 2000.00),
(267, 38, 31, 2, 1100.00, 2200.00),
(268, 38, 32, 1, 1100.00, 1100.00),
(269, 39, 10, 1, 1200.00, 1200.00),
(270, 40, 17, 2, 4000.00, 8000.00),
(271, 40, 20, 2, 2000.00, 4000.00),
(272, 40, 34, 1, 1100.00, 1100.00),
(273, 40, 38, 1, 3000.00, 3000.00),
(274, 41, 23, 1, 1500.00, 1500.00),
(275, 41, 25, 1, 1200.00, 1200.00),
(276, 41, 27, 1, 1200.00, 1200.00),
(277, 42, 6, 3, 1600.00, 4800.00),
(278, 42, 11, 3, 1500.00, 4500.00),
(279, 42, 14, 1, 4500.00, 4500.00),
(280, 42, 20, 1, 2000.00, 2000.00),
(281, 42, 30, 1, 1000.00, 1000.00),
(282, 43, 6, 3, 1600.00, 4800.00),
(283, 43, 11, 4, 1500.00, 6000.00),
(284, 43, 19, 1, 2000.00, 2000.00),
(285, 43, 30, 1, 1000.00, 1000.00),
(286, 44, 5, 12, 1200.00, 14400.00),
(287, 44, 11, 5, 1500.00, 7500.00),
(288, 44, 12, 2, 1500.00, 3000.00),
(289, 44, 13, 1, 3000.00, 3000.00),
(290, 44, 14, 1, 4500.00, 4500.00),
(291, 44, 16, 1, 7000.00, 7000.00),
(292, 44, 17, 2, 4000.00, 8000.00),
(293, 44, 25, 1, 1200.00, 1200.00),
(294, 44, 30, 3, 1000.00, 3000.00),
(312, 46, 5, 6, 1200.00, 7200.00),
(313, 46, 6, 5, 1600.00, 8000.00),
(314, 46, 10, 2, 1200.00, 2400.00),
(315, 46, 11, 21, 1500.00, 31500.00),
(316, 46, 13, 1, 3000.00, 3000.00),
(317, 46, 14, 1, 4500.00, 4500.00),
(318, 46, 30, 6, 1000.00, 6000.00),
(319, 45, 5, 6, 1200.00, 7200.00),
(320, 45, 11, 6, 1500.00, 9000.00),
(321, 45, 16, 1, 7000.00, 7000.00),
(322, 45, 30, 2, 1000.00, 2000.00),
(323, 45, 45, 2, 2000.00, 4000.00),
(334, 48, 5, 4, 1200.00, 4800.00),
(335, 48, 6, 3, 1600.00, 4800.00),
(336, 48, 11, 4, 1500.00, 6000.00),
(337, 48, 12, 2, 1500.00, 3000.00),
(338, 48, 13, 2, 3000.00, 6000.00),
(339, 48, 14, 1, 4500.00, 4500.00),
(340, 48, 30, 2, 1000.00, 2000.00),
(352, 47, 1, 3, 1400.00, 4200.00),
(353, 47, 4, 4, 1400.00, 5600.00),
(354, 47, 6, 10, 1600.00, 16000.00),
(355, 47, 11, 3, 1500.00, 4500.00),
(356, 47, 12, 1, 1500.00, 1500.00),
(357, 47, 13, 2, 3000.00, 6000.00),
(358, 47, 14, 1, 4500.00, 4500.00),
(359, 47, 16, 1, 7000.00, 7000.00),
(360, 47, 30, 5, 1000.00, 5000.00),
(361, 47, 43, 1, 1000.00, 1000.00),
(362, 47, 46, 2, 3000.00, 6000.00),
(363, 49, 4, 1, 1400.00, 1400.00),
(364, 49, 5, 6, 1200.00, 7200.00),
(365, 49, 11, 3, 1500.00, 4500.00),
(366, 49, 13, 1, 3000.00, 3000.00),
(367, 49, 14, 2, 4500.00, 9000.00),
(368, 49, 21, 2, 1500.00, 3000.00),
(369, 49, 30, 2, 1000.00, 2000.00),
(370, 49, 45, 1, 2000.00, 2000.00),
(371, 50, 5, 3, 1200.00, 3600.00),
(372, 50, 11, 3, 1500.00, 4500.00),
(373, 50, 13, 3, 3000.00, 9000.00),
(374, 50, 46, 1, 3000.00, 3000.00),
(375, 51, 5, 3, 1200.00, 3600.00),
(376, 51, 11, 2, 1500.00, 3000.00),
(377, 51, 30, 1, 1000.00, 1000.00),
(378, 52, 6, 7, 1600.00, 11200.00),
(379, 52, 11, 2, 1500.00, 3000.00),
(380, 52, 14, 3, 4500.00, 13500.00),
(381, 52, 17, 1, 4000.00, 4000.00),
(382, 52, 20, 1, 2000.00, 2000.00),
(383, 52, 30, 1, 1000.00, 1000.00),
(384, 53, 1, 2, 1400.00, 2800.00),
(385, 53, 4, 2, 1400.00, 2800.00),
(386, 53, 11, 2, 1500.00, 3000.00),
(387, 53, 14, 1, 4500.00, 4500.00),
(388, 53, 30, 1, 1000.00, 1000.00),
(389, 54, 6, 4, 1600.00, 6400.00),
(390, 54, 11, 3, 1500.00, 4500.00),
(391, 54, 30, 1, 1000.00, 1000.00),
(392, 55, 5, 4, 1200.00, 4800.00),
(393, 55, 16, 1, 7000.00, 7000.00),
(394, 55, 21, 1, 1500.00, 1500.00),
(395, 55, 30, 1, 1000.00, 1000.00),
(396, 56, 5, 5, 1200.00, 6000.00),
(397, 56, 6, 3, 1600.00, 4800.00),
(398, 56, 11, 5, 1500.00, 7500.00),
(399, 56, 12, 3, 1500.00, 4500.00),
(400, 56, 13, 3, 3000.00, 9000.00),
(401, 56, 19, 1, 2000.00, 2000.00),
(402, 56, 30, 3, 1000.00, 3000.00),
(409, 57, 4, 5, 1400.00, 7000.00),
(410, 57, 6, 3, 1600.00, 4800.00),
(411, 57, 11, 3, 1500.00, 4500.00),
(412, 57, 13, 1, 3000.00, 3000.00),
(413, 57, 14, 1, 4500.00, 4500.00),
(414, 57, 30, 2, 1000.00, 2000.00),
(415, 58, 6, 3, 1600.00, 4800.00),
(416, 58, 11, 1, 1500.00, 1500.00),
(417, 58, 12, 1, 1500.00, 1500.00),
(418, 58, 30, 1, 1000.00, 1000.00),
(419, 59, 5, 2, 1200.00, 2400.00),
(420, 59, 11, 2, 1500.00, 3000.00),
(421, 59, 30, 1, 1000.00, 1000.00),
(422, 60, 1, 7, 1400.00, 9800.00),
(423, 60, 2, 1, 2000.00, 2000.00),
(424, 60, 4, 10, 1400.00, 14000.00),
(425, 60, 13, 10, 3000.00, 30000.00),
(426, 60, 14, 2, 4500.00, 9000.00),
(427, 60, 46, 4, 3000.00, 12000.00),
(432, 61, 6, 11, 1600.00, 17600.00),
(433, 61, 11, 12, 1500.00, 18000.00),
(434, 61, 23, 1, 1500.00, 1500.00),
(435, 61, 30, 3, 1000.00, 3000.00),
(436, 62, 6, 6, 1600.00, 9600.00),
(437, 62, 11, 4, 1500.00, 6000.00),
(438, 62, 14, 2, 4500.00, 9000.00),
(439, 62, 26, 1, 1200.00, 1200.00),
(440, 62, 30, 2, 1000.00, 2000.00),
(450, 63, 2, 2, 2000.00, 4000.00),
(451, 63, 3, 1, 1000.00, 1000.00),
(452, 63, 4, 2, 1400.00, 2800.00),
(453, 63, 5, 8, 1200.00, 9600.00),
(454, 63, 11, 5, 1500.00, 7500.00),
(455, 63, 12, 2, 1500.00, 3000.00),
(456, 63, 16, 3, 7000.00, 21000.00),
(457, 63, 19, 3, 2000.00, 6000.00),
(458, 63, 30, 2, 1000.00, 2000.00),
(483, 66, 5, 4, 1200.00, 4800.00),
(484, 66, 12, 2, 1500.00, 3000.00),
(485, 66, 46, 2, 3000.00, 6000.00),
(508, 65, 1, 3, 1400.00, 4200.00),
(509, 65, 4, 4, 1400.00, 5600.00),
(510, 65, 6, 5, 1600.00, 8000.00),
(511, 65, 11, 5, 1500.00, 7500.00),
(512, 65, 14, 1, 4500.00, 4500.00),
(513, 65, 16, 1, 7000.00, 7000.00),
(514, 65, 30, 3, 1000.00, 3000.00),
(624, 64, 1, 8, 1400.00, 11200.00),
(625, 64, 2, 6, 2000.00, 12000.00),
(626, 64, 3, 2, 1000.00, 2000.00),
(627, 64, 4, 17, 1400.00, 23800.00),
(628, 64, 5, 25, 1200.00, 30000.00),
(629, 64, 6, 20, 1600.00, 32000.00),
(630, 64, 11, 32, 1500.00, 48000.00),
(631, 64, 12, 9, 1500.00, 13500.00),
(632, 64, 14, 5, 4500.00, 22500.00),
(633, 64, 16, 1, 7000.00, 7000.00),
(634, 64, 17, 14, 4000.00, 56000.00),
(635, 64, 19, 3, 2000.00, 6000.00),
(636, 64, 20, 2, 2000.00, 4000.00),
(637, 64, 30, 20, 1000.00, 20000.00),
(638, 64, 35, 1, 1000.00, 1000.00),
(639, 64, 45, 5, 2000.00, 10000.00),
(640, 64, 46, 5, 3000.00, 15000.00),
(652, 67, 1, 1, 1400.00, 1400.00),
(653, 67, 4, 9, 1400.00, 12600.00),
(654, 67, 5, 31, 1200.00, 37200.00),
(655, 67, 11, 16, 1500.00, 24000.00),
(656, 67, 13, 4, 3000.00, 12000.00),
(657, 67, 14, 3, 4500.00, 13500.00),
(658, 67, 17, 3, 4000.00, 12000.00),
(659, 67, 18, 2, 8000.00, 16000.00),
(660, 67, 21, 4, 1500.00, 6000.00),
(661, 67, 30, 8, 1000.00, 8000.00),
(662, 67, 35, 3, 1000.00, 3000.00),
(670, 68, 1, 2, 1400.00, 2800.00),
(671, 68, 2, 1, 2000.00, 2000.00),
(672, 68, 4, 2, 1400.00, 2800.00),
(673, 68, 11, 2, 1500.00, 3000.00),
(674, 68, 13, 1, 3000.00, 3000.00),
(675, 68, 20, 1, 2000.00, 2000.00),
(676, 68, 30, 1, 1000.00, 1000.00),
(677, 69, 10, 2, 1200.00, 2400.00),
(678, 69, 11, 2, 1500.00, 3000.00),
(679, 69, 12, 1, 1500.00, 1500.00),
(680, 69, 13, 1, 3000.00, 3000.00),
(681, 69, 30, 1, 1000.00, 1000.00),
(682, 70, 5, 5, 1200.00, 6000.00),
(683, 70, 11, 5, 1500.00, 7500.00),
(684, 70, 14, 2, 4500.00, 9000.00),
(685, 70, 30, 3, 1000.00, 3000.00),
(686, 71, 2, 4, 2000.00, 8000.00),
(687, 71, 4, 4, 1400.00, 5600.00),
(688, 71, 5, 9, 1200.00, 10800.00),
(689, 71, 11, 3, 1500.00, 4500.00),
(690, 71, 13, 1, 3000.00, 3000.00),
(691, 71, 17, 1, 4000.00, 4000.00),
(692, 71, 18, 2, 8000.00, 16000.00),
(693, 71, 19, 2, 2000.00, 4000.00),
(694, 71, 30, 4, 1000.00, 4000.00),
(695, 72, 1, 2, 1400.00, 2800.00),
(696, 72, 4, 3, 1400.00, 4200.00),
(697, 72, 11, 2, 1500.00, 3000.00),
(698, 72, 46, 1, 3000.00, 3000.00),
(704, 74, 5, 3, 1200.00, 3600.00),
(705, 74, 11, 2, 1500.00, 3000.00),
(706, 74, 13, 1, 3000.00, 3000.00),
(707, 74, 21, 1, 1500.00, 1500.00),
(708, 73, 5, 16, 1200.00, 19200.00),
(709, 73, 11, 10, 1500.00, 15000.00),
(710, 73, 17, 4, 4000.00, 16000.00),
(711, 73, 19, 2, 2000.00, 4000.00),
(712, 73, 20, 1, 2000.00, 2000.00),
(713, 73, 30, 2, 1000.00, 2000.00),
(714, 73, 47, 1, 3600.00, 3600.00),
(736, 75, 1, 2, 1400.00, 2800.00),
(737, 75, 3, 2, 1000.00, 2000.00),
(738, 75, 4, 4, 1400.00, 5600.00),
(739, 75, 5, 3, 1200.00, 3600.00),
(740, 75, 11, 1, 1500.00, 1500.00),
(741, 75, 13, 1, 3000.00, 3000.00),
(742, 75, 14, 1, 4500.00, 4500.00),
(743, 75, 19, 2, 2000.00, 4000.00),
(744, 75, 30, 2, 1000.00, 2000.00),
(745, 75, 46, 1, 3000.00, 3000.00),
(746, 76, 1, 2, 1400.00, 2800.00),
(747, 76, 4, 4, 1400.00, 5600.00),
(748, 76, 6, 5, 1600.00, 8000.00),
(749, 76, 11, 5, 1500.00, 7500.00),
(750, 76, 12, 1, 1500.00, 1500.00),
(751, 76, 13, 1, 3000.00, 3000.00),
(752, 76, 17, 1, 4000.00, 4000.00),
(753, 76, 20, 1, 2000.00, 2000.00),
(754, 76, 30, 2, 1000.00, 2000.00),
(755, 77, 5, 3, 1200.00, 3600.00),
(756, 77, 6, 5, 1600.00, 8000.00),
(757, 77, 11, 5, 1500.00, 7500.00),
(758, 77, 12, 1, 1500.00, 1500.00),
(759, 77, 13, 1, 3000.00, 3000.00),
(760, 77, 14, 1, 4500.00, 4500.00),
(761, 77, 20, 1, 2000.00, 2000.00),
(762, 77, 30, 2, 1000.00, 2000.00),
(763, 77, 45, 1, 2000.00, 2000.00),
(764, 78, 6, 3, 1600.00, 4800.00),
(765, 78, 11, 3, 1500.00, 4500.00),
(766, 78, 12, 1, 1500.00, 1500.00),
(767, 78, 16, 1, 7000.00, 7000.00),
(768, 78, 30, 1, 1000.00, 1000.00),
(769, 79, 5, 9, 1200.00, 10800.00),
(770, 79, 11, 6, 1500.00, 9000.00),
(771, 79, 12, 4, 1500.00, 6000.00),
(772, 79, 20, 1, 2000.00, 2000.00),
(773, 79, 30, 2, 1000.00, 2000.00),
(774, 79, 45, 1, 2000.00, 2000.00),
(782, 80, 5, 10, 1200.00, 12000.00),
(783, 80, 10, 5, 1200.00, 6000.00),
(784, 80, 11, 12, 1500.00, 18000.00),
(785, 80, 13, 10, 3000.00, 30000.00),
(786, 80, 44, 1, 1000.00, 1000.00),
(787, 80, 46, 4, 3000.00, 12000.00),
(788, 80, 48, 2, 1000.00, 2000.00),
(789, 81, 5, 3, 1200.00, 3600.00),
(790, 81, 11, 4, 1500.00, 6000.00),
(791, 81, 30, 1, 1000.00, 1000.00),
(792, 82, 1, 1, 1400.00, 1400.00),
(793, 82, 2, 1, 2000.00, 2000.00),
(794, 82, 3, 1, 1000.00, 1000.00),
(795, 82, 4, 3, 1400.00, 4200.00),
(796, 82, 17, 1, 4000.00, 4000.00),
(797, 82, 30, 1, 1000.00, 1000.00),
(798, 83, 5, 6, 1200.00, 7200.00),
(799, 83, 17, 2, 4000.00, 8000.00),
(800, 83, 21, 1, 1500.00, 1500.00),
(801, 83, 30, 1, 1000.00, 1000.00),
(807, 84, 5, 8, 1200.00, 9600.00),
(808, 84, 11, 5, 1500.00, 7500.00),
(809, 84, 13, 2, 3000.00, 6000.00),
(810, 84, 17, 2, 4000.00, 8000.00),
(811, 84, 21, 1, 1500.00, 1500.00),
(812, 84, 30, 2, 1000.00, 2000.00),
(817, 85, 6, 6, 1600.00, 9600.00),
(818, 85, 11, 5, 1500.00, 7500.00),
(819, 85, 14, 1, 4500.00, 4500.00),
(820, 85, 30, 2, 1000.00, 2000.00),
(821, 86, 6, 4, 1600.00, 6400.00),
(822, 86, 11, 1, 1500.00, 1500.00),
(823, 86, 12, 1, 1500.00, 1500.00),
(824, 86, 13, 4, 3000.00, 12000.00),
(825, 86, 21, 1, 1500.00, 1500.00),
(826, 86, 30, 1, 1000.00, 1000.00),
(827, 87, 1, 2, 1400.00, 2800.00),
(828, 87, 2, 3, 2000.00, 6000.00),
(829, 87, 4, 8, 1400.00, 11200.00),
(830, 87, 5, 10, 1200.00, 12000.00),
(831, 87, 11, 1, 1500.00, 1500.00),
(832, 87, 13, 2, 3000.00, 6000.00),
(833, 87, 14, 1, 4500.00, 4500.00),
(834, 87, 16, 2, 7000.00, 14000.00),
(835, 87, 30, 4, 1000.00, 4000.00),
(844, 88, 1, 2, 1400.00, 2800.00),
(845, 88, 4, 4, 1400.00, 5600.00),
(846, 88, 5, 2, 1200.00, 2400.00),
(847, 88, 11, 4, 1500.00, 6000.00),
(848, 88, 13, 1, 3000.00, 3000.00),
(849, 88, 16, 2, 7000.00, 14000.00),
(850, 88, 21, 1, 1500.00, 1500.00),
(851, 88, 30, 3, 1000.00, 3000.00),
(852, 89, 5, 9, 1200.00, 10800.00),
(853, 89, 11, 6, 1500.00, 9000.00),
(854, 89, 14, 2, 4500.00, 9000.00),
(855, 89, 17, 1, 4000.00, 4000.00),
(856, 89, 30, 2, 1000.00, 2000.00),
(863, 90, 5, 9, 1200.00, 10800.00),
(864, 90, 11, 7, 1500.00, 10500.00),
(865, 90, 12, 1, 1500.00, 1500.00),
(866, 90, 14, 1, 4500.00, 4500.00),
(867, 90, 16, 2, 7000.00, 14000.00),
(868, 90, 30, 2, 1000.00, 2000.00),
(869, 90, 47, 1, 3600.00, 3600.00),
(870, 90, 48, 2, 1000.00, 2000.00),
(876, 92, 5, 9, 1200.00, 10800.00),
(877, 92, 11, 2, 1500.00, 3000.00),
(878, 92, 12, 1, 1500.00, 1500.00),
(879, 92, 14, 2, 4500.00, 9000.00),
(880, 92, 17, 2, 4000.00, 8000.00),
(881, 92, 30, 2, 1000.00, 2000.00),
(882, 91, 5, 11, 1200.00, 13200.00),
(883, 91, 11, 7, 1500.00, 10500.00),
(884, 91, 16, 1, 7000.00, 7000.00),
(885, 91, 17, 3, 4000.00, 12000.00),
(886, 91, 30, 3, 1000.00, 3000.00),
(887, 93, 5, 6, 1200.00, 7200.00),
(888, 93, 11, 2, 1500.00, 3000.00),
(889, 93, 12, 1, 1500.00, 1500.00),
(890, 93, 16, 2, 7000.00, 14000.00),
(891, 93, 17, 1, 4000.00, 4000.00),
(892, 93, 30, 2, 1000.00, 2000.00),
(904, 94, 5, 6, 1200.00, 7200.00),
(905, 94, 11, 4, 1500.00, 6000.00),
(906, 94, 12, 2, 1500.00, 3000.00),
(907, 94, 13, 3, 3000.00, 9000.00),
(908, 94, 16, 1, 7000.00, 7000.00),
(909, 94, 30, 2, 1000.00, 2000.00),
(910, 96, 6, 9, 1600.00, 14400.00),
(911, 96, 11, 3, 1500.00, 4500.00),
(912, 96, 12, 2, 1500.00, 3000.00),
(913, 96, 13, 4, 3000.00, 12000.00),
(914, 96, 16, 1, 7000.00, 7000.00),
(915, 96, 17, 1, 4000.00, 4000.00),
(916, 96, 30, 2, 1000.00, 2000.00),
(925, 97, 6, 3, 1600.00, 4800.00),
(926, 97, 11, 4, 1500.00, 6000.00),
(927, 97, 12, 1, 1500.00, 1500.00),
(928, 97, 14, 1, 4500.00, 4500.00),
(929, 97, 30, 1, 1000.00, 1000.00),
(930, 98, 5, 5, 1200.00, 6000.00),
(931, 98, 6, 2, 1600.00, 3200.00),
(932, 98, 11, 2, 1500.00, 3000.00),
(933, 98, 12, 2, 1500.00, 3000.00),
(934, 98, 17, 1, 4000.00, 4000.00),
(935, 98, 30, 1, 1000.00, 1000.00),
(936, 98, 46, 1, 3000.00, 3000.00),
(937, 95, 6, 22, 1600.00, 35200.00),
(938, 95, 11, 11, 1500.00, 16500.00),
(939, 95, 12, 2, 1500.00, 3000.00),
(940, 95, 13, 4, 3000.00, 12000.00),
(941, 95, 17, 5, 4000.00, 20000.00),
(942, 95, 30, 4, 1000.00, 4000.00),
(943, 95, 36, 1, 1500.00, 1500.00),
(944, 99, 6, 2, 1600.00, 3200.00),
(945, 99, 14, 2, 4500.00, 9000.00),
(946, 99, 17, 1, 4000.00, 4000.00),
(947, 99, 30, 1, 1000.00, 1000.00),
(964, 101, 5, 7, 1200.00, 8400.00),
(965, 101, 13, 2, 3000.00, 6000.00),
(966, 101, 17, 2, 4000.00, 8000.00),
(967, 101, 20, 3, 2000.00, 6000.00),
(968, 101, 30, 4, 1000.00, 4000.00),
(978, 100, 3, 2, 1000.00, 2000.00),
(979, 100, 4, 4, 1400.00, 5600.00),
(980, 100, 5, 19, 1200.00, 22800.00),
(981, 100, 6, 4, 1600.00, 6400.00),
(982, 100, 11, 8, 1500.00, 12000.00),
(983, 100, 12, 5, 1500.00, 7500.00),
(984, 100, 13, 4, 3000.00, 12000.00),
(985, 100, 17, 4, 4000.00, 16000.00),
(986, 100, 30, 5, 1000.00, 5000.00),
(987, 100, 45, 5, 2000.00, 10000.00),
(988, 102, 5, 3, 1200.00, 3600.00),
(989, 102, 11, 7, 1500.00, 10500.00),
(990, 102, 12, 2, 1500.00, 3000.00),
(991, 102, 20, 1, 2000.00, 2000.00),
(992, 102, 30, 1, 1000.00, 1000.00),
(993, 103, 5, 6, 1200.00, 7200.00),
(994, 103, 11, 4, 1500.00, 6000.00),
(995, 103, 13, 3, 3000.00, 9000.00),
(996, 103, 46, 2, 3000.00, 6000.00),
(1008, 104, 5, 9, 1200.00, 10800.00),
(1009, 104, 11, 4, 1500.00, 6000.00),
(1010, 104, 12, 3, 1500.00, 4500.00),
(1011, 104, 14, 1, 4500.00, 4500.00),
(1012, 104, 19, 2, 2000.00, 4000.00),
(1013, 104, 30, 1, 1000.00, 1000.00),
(1014, 105, 5, 4, 1200.00, 4800.00),
(1015, 105, 12, 2, 1500.00, 3000.00),
(1016, 105, 30, 1, 1000.00, 1000.00),
(1017, 105, 45, 1, 2000.00, 2000.00),
(1018, 106, 6, 3, 1600.00, 4800.00),
(1019, 106, 11, 1, 1500.00, 1500.00),
(1020, 106, 12, 1, 1500.00, 1500.00),
(1021, 106, 13, 2, 3000.00, 6000.00),
(1022, 106, 30, 1, 1000.00, 1000.00),
(1023, 107, 5, 3, 1200.00, 3600.00),
(1024, 107, 12, 1, 1500.00, 1500.00),
(1025, 107, 13, 1, 3000.00, 3000.00),
(1026, 107, 25, 1, 1200.00, 1200.00),
(1027, 108, 10, 3, 1200.00, 3600.00),
(1028, 108, 11, 1, 1500.00, 1500.00),
(1029, 108, 12, 1, 1500.00, 1500.00),
(1030, 108, 14, 1, 4500.00, 4500.00),
(1031, 108, 30, 2, 1000.00, 2000.00),
(1032, 109, 5, 5, 1200.00, 6000.00),
(1033, 109, 6, 10, 1600.00, 16000.00),
(1034, 109, 11, 4, 1500.00, 6000.00),
(1035, 109, 12, 2, 1500.00, 3000.00),
(1036, 109, 14, 1, 4500.00, 4500.00),
(1037, 109, 17, 4, 4000.00, 16000.00),
(1038, 109, 20, 2, 2000.00, 4000.00),
(1039, 109, 30, 5, 1000.00, 5000.00),
(1040, 110, 5, 3, 1200.00, 3600.00),
(1041, 110, 46, 1, 3000.00, 3000.00),
(1045, 112, 5, 3, 1200.00, 3600.00),
(1046, 112, 11, 2, 1500.00, 3000.00),
(1047, 112, 12, 1, 1500.00, 1500.00),
(1048, 112, 17, 1, 4500.00, 4500.00),
(1049, 112, 30, 1, 1000.00, 1000.00),
(1050, 111, 6, 4, 1600.00, 6400.00),
(1051, 111, 11, 4, 1500.00, 6000.00),
(1052, 111, 13, 2, 3000.00, 6000.00),
(1053, 111, 46, 2, 3000.00, 6000.00),
(1054, 113, 5, 2, 1200.00, 2400.00),
(1055, 113, 12, 1, 1500.00, 1500.00),
(1056, 113, 16, 1, 7000.00, 7000.00),
(1057, 113, 30, 1, 1000.00, 1000.00),
(1058, 114, 6, 3, 1600.00, 4800.00),
(1059, 114, 12, 2, 1500.00, 3000.00),
(1060, 114, 17, 1, 4500.00, 4500.00),
(1061, 114, 21, 1, 1500.00, 1500.00),
(1062, 115, 5, 4, 1200.00, 4800.00),
(1063, 115, 6, 4, 1600.00, 6400.00),
(1064, 115, 11, 3, 1500.00, 4500.00),
(1065, 115, 12, 3, 1500.00, 4500.00),
(1066, 115, 17, 2, 4500.00, 9000.00),
(1067, 115, 23, 1, 1500.00, 1500.00),
(1068, 115, 30, 3, 1000.00, 3000.00),
(1083, 116, 5, 4, 1200.00, 4800.00),
(1084, 116, 6, 3, 1600.00, 4800.00),
(1085, 116, 11, 5, 1500.00, 7500.00),
(1086, 116, 12, 1, 1500.00, 1500.00),
(1087, 116, 13, 2, 3000.00, 6000.00),
(1088, 116, 17, 1, 4500.00, 4500.00),
(1089, 116, 28, 1, 1500.00, 1500.00),
(1090, 116, 30, 3, 1000.00, 3000.00),
(1091, 117, 5, 3, 1200.00, 3600.00),
(1092, 117, 11, 3, 1500.00, 4500.00),
(1093, 117, 30, 1, 1000.00, 1000.00),
(1094, 118, 5, 3, 1200.00, 3600.00),
(1095, 118, 11, 3, 1500.00, 4500.00),
(1096, 118, 30, 1, 1000.00, 1000.00),
(1097, 119, 5, 16, 1200.00, 19200.00),
(1098, 119, 11, 7, 1500.00, 10500.00),
(1099, 119, 12, 1, 1500.00, 1500.00),
(1100, 119, 13, 2, 3000.00, 6000.00),
(1101, 119, 14, 2, 4500.00, 9000.00),
(1102, 119, 30, 5, 1000.00, 5000.00),
(1103, 120, 5, 9, 1200.00, 10800.00),
(1104, 120, 11, 5, 1500.00, 7500.00),
(1105, 120, 17, 1, 4500.00, 4500.00),
(1106, 120, 20, 2, 2000.00, 4000.00),
(1107, 120, 30, 3, 1000.00, 3000.00),
(1108, 120, 45, 1, 2000.00, 2000.00),
(1115, 122, 5, 21, 1200.00, 25200.00),
(1116, 122, 11, 19, 1500.00, 28500.00),
(1117, 122, 12, 15, 1500.00, 22500.00),
(1118, 122, 13, 1, 3000.00, 3000.00),
(1119, 122, 16, 1, 7000.00, 7000.00),
(1120, 122, 30, 7, 1000.00, 7000.00),
(1121, 122, 46, 2, 3000.00, 6000.00),
(1122, 121, 5, 8, 1200.00, 9600.00),
(1123, 121, 11, 4, 1500.00, 6000.00),
(1124, 121, 14, 1, 4500.00, 4500.00),
(1125, 121, 16, 1, 7000.00, 7000.00),
(1126, 121, 17, 1, 4500.00, 4500.00),
(1127, 121, 30, 3, 1000.00, 3000.00),
(1128, 123, 5, 10, 1200.00, 12000.00),
(1129, 123, 11, 6, 1500.00, 9000.00),
(1130, 123, 17, 3, 4500.00, 13500.00),
(1131, 123, 30, 4, 1000.00, 4000.00),
(1132, 123, 36, 1, 1500.00, 1500.00),
(1138, 125, 6, 3, 1600.00, 4800.00),
(1139, 125, 14, 1, 4500.00, 4500.00),
(1140, 125, 19, 1, 2000.00, 2000.00),
(1141, 125, 30, 1, 1000.00, 1000.00),
(1142, 124, 6, 6, 1600.00, 9600.00),
(1143, 124, 17, 1, 4500.00, 4500.00),
(1144, 124, 18, 1, 8000.00, 8000.00),
(1145, 124, 19, 1, 2000.00, 2000.00),
(1146, 124, 20, 1, 2000.00, 2000.00),
(1147, 124, 30, 2, 1000.00, 2000.00),
(1148, 126, 6, 5, 1600.00, 8000.00),
(1149, 126, 11, 2, 1500.00, 3000.00),
(1150, 126, 17, 2, 4500.00, 9000.00),
(1151, 126, 20, 2, 2000.00, 4000.00),
(1152, 126, 30, 2, 1000.00, 2000.00),
(1153, 126, 44, 1, 1000.00, 1000.00),
(1159, 127, 5, 3, 1200.00, 3600.00),
(1160, 127, 17, 2, 4500.00, 9000.00),
(1161, 127, 30, 1, 1000.00, 1000.00),
(1162, 127, 45, 2, 2000.00, 4000.00),
(1163, 127, 46, 1, 3000.00, 3000.00),
(1164, 128, 1, 1, 1400.00, 1400.00),
(1165, 128, 4, 2, 1400.00, 2800.00),
(1166, 128, 6, 4, 1600.00, 6400.00),
(1167, 128, 11, 4, 1500.00, 6000.00),
(1168, 128, 14, 3, 4500.00, 13500.00),
(1169, 128, 19, 2, 2000.00, 4000.00),
(1170, 128, 30, 3, 1000.00, 3000.00),
(1171, 128, 48, 2, 1000.00, 2000.00),
(1172, 129, 1, 2, 1400.00, 2800.00),
(1173, 129, 2, 2, 2000.00, 4000.00),
(1174, 129, 4, 4, 1400.00, 5600.00),
(1175, 129, 5, 14, 1200.00, 16800.00),
(1176, 129, 6, 16, 1600.00, 25600.00),
(1177, 129, 11, 25, 1500.00, 37500.00),
(1178, 129, 12, 2, 1500.00, 3000.00),
(1179, 129, 13, 11, 3000.00, 33000.00),
(1180, 129, 14, 1, 4500.00, 4500.00),
(1181, 129, 16, 1, 7000.00, 7000.00),
(1182, 129, 17, 12, 4500.00, 54000.00),
(1183, 129, 30, 8, 1000.00, 8000.00),
(1184, 129, 46, 1, 3000.00, 3000.00),
(1185, 130, 5, 2, 1200.00, 2400.00),
(1186, 130, 11, 3, 1500.00, 4500.00),
(1187, 130, 17, 1, 4500.00, 4500.00),
(1188, 130, 30, 1, 1000.00, 1000.00),
(1189, 131, 5, 5, 1200.00, 6000.00),
(1190, 131, 6, 4, 1600.00, 6400.00),
(1191, 131, 11, 6, 1500.00, 9000.00),
(1192, 131, 16, 1, 7000.00, 7000.00),
(1193, 131, 17, 1, 4500.00, 4500.00),
(1194, 131, 30, 1, 1000.00, 1000.00),
(1195, 132, 6, 5, 1600.00, 8000.00),
(1196, 132, 11, 2, 1500.00, 3000.00),
(1197, 132, 17, 1, 4500.00, 4500.00),
(1198, 132, 21, 1, 1500.00, 1500.00),
(1199, 132, 30, 1, 1000.00, 1000.00),
(1200, 133, 5, 6, 1200.00, 7200.00),
(1201, 133, 11, 8, 1500.00, 12000.00),
(1202, 133, 17, 2, 4500.00, 9000.00),
(1203, 133, 30, 2, 1000.00, 2000.00),
(1204, 134, 1, 7, 1400.00, 9800.00),
(1205, 134, 2, 1, 2000.00, 2000.00),
(1206, 134, 4, 8, 1400.00, 11200.00),
(1207, 134, 13, 2, 3000.00, 6000.00),
(1208, 134, 16, 2, 7000.00, 14000.00),
(1209, 134, 18, 1, 8000.00, 8000.00),
(1210, 134, 46, 2, 3000.00, 6000.00),
(1211, 135, 6, 4, 1600.00, 6400.00),
(1212, 135, 11, 4, 1500.00, 6000.00),
(1213, 135, 19, 1, 2000.00, 2000.00),
(1214, 135, 21, 1, 1500.00, 1500.00),
(1215, 135, 30, 3, 1000.00, 3000.00),
(1216, 135, 45, 1, 2000.00, 2000.00),
(1217, 136, 5, 5, 1200.00, 6000.00),
(1218, 136, 11, 5, 1500.00, 7500.00),
(1219, 136, 12, 2, 1500.00, 3000.00),
(1220, 136, 13, 1, 3000.00, 3000.00),
(1221, 136, 30, 2, 1000.00, 2000.00),
(1230, 137, 1, 2, 1400.00, 2800.00),
(1231, 137, 4, 3, 1400.00, 4200.00),
(1232, 137, 6, 3, 1600.00, 4800.00),
(1233, 137, 11, 1, 1500.00, 1500.00),
(1234, 137, 12, 1, 1500.00, 1500.00),
(1235, 137, 13, 2, 3000.00, 6000.00),
(1236, 137, 17, 1, 4500.00, 4500.00),
(1237, 137, 30, 2, 1000.00, 2000.00),
(1238, 138, 6, 5, 1600.00, 8000.00),
(1239, 138, 11, 3, 1500.00, 4500.00),
(1240, 138, 14, 1, 4500.00, 4500.00),
(1241, 138, 30, 1, 1000.00, 1000.00),
(1242, 139, 6, 4, 1600.00, 6400.00),
(1243, 139, 11, 2, 1500.00, 3000.00),
(1244, 139, 14, 1, 4500.00, 4500.00),
(1245, 139, 30, 1, 1000.00, 1000.00),
(1246, 140, 5, 9, 1200.00, 10800.00),
(1247, 140, 6, 4, 1600.00, 6400.00),
(1248, 140, 11, 5, 1500.00, 7500.00),
(1249, 140, 12, 2, 1500.00, 3000.00),
(1250, 140, 13, 2, 3000.00, 6000.00),
(1251, 140, 14, 1, 4500.00, 4500.00),
(1252, 140, 16, 1, 7000.00, 7000.00),
(1253, 140, 30, 4, 1000.00, 4000.00),
(1254, 141, 6, 3, 1600.00, 4800.00),
(1255, 141, 11, 4, 1500.00, 6000.00),
(1256, 141, 17, 1, 4500.00, 4500.00),
(1257, 141, 20, 1, 2000.00, 2000.00),
(1258, 141, 30, 1, 1000.00, 1000.00),
(1265, 143, 6, 4, 1600.00, 6400.00),
(1266, 143, 11, 5, 1500.00, 7500.00),
(1267, 143, 14, 1, 4500.00, 4500.00),
(1268, 143, 20, 1, 2000.00, 2000.00),
(1269, 143, 30, 1, 1000.00, 1000.00),
(1270, 144, 6, 4, 1600.00, 6400.00),
(1271, 144, 11, 5, 1500.00, 7500.00),
(1272, 144, 14, 1, 4500.00, 4500.00),
(1273, 144, 20, 1, 2000.00, 2000.00),
(1274, 144, 30, 1, 1000.00, 1000.00),
(1275, 142, 6, 4, 1600.00, 6400.00),
(1276, 142, 11, 2, 1500.00, 3000.00),
(1277, 142, 12, 1, 1500.00, 1500.00),
(1278, 142, 14, 2, 4500.00, 9000.00),
(1279, 142, 20, 2, 2000.00, 4000.00),
(1280, 142, 30, 2, 1000.00, 2000.00),
(1281, 145, 5, 4, 1200.00, 4800.00),
(1282, 145, 11, 3, 1500.00, 4500.00),
(1283, 145, 30, 1, 1000.00, 1000.00),
(1284, 145, 45, 1, 2000.00, 2000.00),
(1292, 147, 5, 3, 1200.00, 3600.00),
(1293, 147, 6, 3, 1600.00, 4800.00),
(1294, 147, 11, 7, 1500.00, 10500.00),
(1295, 147, 14, 2, 4500.00, 9000.00),
(1296, 147, 30, 2, 1000.00, 2000.00),
(1297, 146, 4, 6, 1400.00, 8400.00),
(1298, 146, 5, 16, 1200.00, 19200.00),
(1299, 146, 11, 1, 1500.00, 1500.00),
(1300, 146, 12, 6, 1500.00, 9000.00),
(1301, 146, 13, 4, 3000.00, 12000.00),
(1302, 146, 14, 1, 4500.00, 4500.00),
(1303, 146, 16, 1, 7000.00, 7000.00),
(1304, 146, 17, 3, 4500.00, 13500.00),
(1305, 146, 28, 3, 1500.00, 4500.00),
(1306, 146, 30, 5, 1000.00, 5000.00),
(1307, 148, 5, 18, 1200.00, 21600.00),
(1308, 148, 11, 2, 1500.00, 3000.00),
(1309, 148, 14, 1, 4500.00, 4500.00),
(1310, 148, 16, 2, 7000.00, 14000.00),
(1311, 148, 17, 2, 4500.00, 9000.00),
(1312, 148, 19, 1, 2000.00, 2000.00),
(1313, 148, 23, 1, 1500.00, 1500.00),
(1314, 148, 30, 4, 1000.00, 4000.00),
(1315, 148, 36, 2, 1500.00, 3000.00),
(1316, 149, 6, 4, 1600.00, 6400.00),
(1317, 149, 17, 1, 4500.00, 4500.00),
(1318, 149, 30, 1, 1000.00, 1000.00),
(1319, 150, 5, 4, 1200.00, 4800.00),
(1320, 150, 6, 19, 1600.00, 30400.00),
(1321, 150, 11, 8, 1500.00, 12000.00),
(1322, 150, 12, 3, 1500.00, 4500.00),
(1323, 150, 13, 6, 3000.00, 18000.00),
(1324, 150, 16, 1, 7000.00, 7000.00),
(1325, 150, 17, 3, 4500.00, 13500.00),
(1326, 150, 21, 1, 1500.00, 1500.00),
(1327, 150, 30, 3, 1000.00, 3000.00),
(1328, 151, 6, 3, 1600.00, 4800.00),
(1329, 151, 14, 1, 4500.00, 4500.00),
(1330, 151, 19, 1, 2000.00, 2000.00),
(1331, 151, 30, 1, 1000.00, 1000.00),
(1332, 152, 5, 5, 1200.00, 6000.00),
(1333, 152, 11, 2, 1500.00, 3000.00),
(1334, 152, 14, 1, 4500.00, 4500.00),
(1335, 152, 20, 2, 2000.00, 4000.00),
(1336, 152, 30, 1, 1000.00, 1000.00),
(1340, 153, 5, 10, 1200.00, 12000.00),
(1341, 153, 11, 15, 1500.00, 22500.00),
(1342, 153, 21, 2, 1500.00, 3000.00),
(1343, 153, 30, 2, 1000.00, 2000.00),
(1350, 154, 5, 7, 1200.00, 8400.00),
(1351, 154, 11, 4, 1500.00, 6000.00),
(1352, 154, 12, 3, 1500.00, 4500.00),
(1353, 154, 14, 1, 4500.00, 4500.00),
(1354, 154, 19, 1, 2000.00, 2000.00),
(1355, 154, 30, 1, 1000.00, 1000.00),
(1356, 154, 46, 1, 3000.00, 3000.00),
(1357, 155, 5, 6, 1200.00, 7200.00),
(1358, 155, 12, 2, 1500.00, 3000.00),
(1359, 155, 14, 1, 4500.00, 4500.00),
(1360, 155, 20, 1, 2000.00, 2000.00),
(1361, 155, 30, 1, 1000.00, 1000.00),
(1362, 156, 1, 2, 1400.00, 2800.00),
(1363, 156, 2, 1, 2000.00, 2000.00),
(1364, 156, 3, 2, 1000.00, 2000.00),
(1365, 156, 4, 2, 1400.00, 2800.00),
(1366, 156, 13, 1, 3000.00, 3000.00),
(1367, 156, 17, 1, 4500.00, 4500.00),
(1368, 156, 20, 1, 2000.00, 2000.00),
(1369, 156, 30, 1, 1000.00, 1000.00),
(1370, 157, 5, 13, 1200.00, 15600.00),
(1371, 157, 11, 9, 1500.00, 13500.00),
(1372, 157, 17, 2, 4500.00, 9000.00),
(1373, 157, 20, 2, 2000.00, 4000.00),
(1374, 157, 30, 3, 1000.00, 3000.00),
(1375, 157, 45, 1, 2000.00, 2000.00),
(1376, 158, 5, 3, 1200.00, 3600.00),
(1377, 158, 6, 6, 1600.00, 9600.00),
(1378, 158, 11, 5, 1500.00, 7500.00),
(1379, 158, 14, 2, 4500.00, 9000.00),
(1380, 158, 30, 3, 1000.00, 3000.00),
(1381, 159, 5, 16, 1200.00, 19200.00),
(1382, 159, 6, 3, 1600.00, 4800.00),
(1383, 159, 11, 14, 1500.00, 21000.00),
(1384, 159, 12, 2, 1500.00, 3000.00),
(1385, 159, 13, 2, 3000.00, 6000.00),
(1386, 159, 14, 3, 4500.00, 13500.00),
(1387, 159, 20, 5, 2000.00, 10000.00),
(1388, 159, 30, 4, 1000.00, 4000.00),
(1399, 160, 1, 2, 1400.00, 2800.00),
(1400, 160, 4, 5, 1400.00, 7000.00),
(1401, 160, 5, 16, 1200.00, 19200.00),
(1402, 160, 11, 7, 1500.00, 10500.00),
(1403, 160, 12, 5, 1500.00, 7500.00),
(1404, 160, 13, 5, 3000.00, 15000.00),
(1405, 160, 14, 4, 4500.00, 18000.00),
(1406, 160, 17, 5, 4500.00, 22500.00),
(1407, 160, 20, 3, 2000.00, 6000.00),
(1408, 160, 30, 5, 1000.00, 5000.00),
(1409, 160, 47, 1, 3600.00, 3600.00),
(1416, 161, 5, 13, 1200.00, 15600.00),
(1417, 161, 6, 5, 1600.00, 8000.00),
(1418, 161, 11, 6, 1500.00, 9000.00),
(1419, 161, 16, 1, 7000.00, 7000.00),
(1420, 161, 17, 2, 4500.00, 9000.00),
(1421, 161, 30, 4, 1000.00, 4000.00),
(1422, 162, 5, 20, 1200.00, 24000.00),
(1423, 162, 11, 13, 1500.00, 19500.00),
(1424, 162, 14, 2, 4500.00, 9000.00),
(1425, 162, 17, 2, 4500.00, 9000.00),
(1426, 162, 20, 3, 2000.00, 6000.00),
(1427, 162, 30, 4, 1000.00, 4000.00),
(1428, 162, 46, 2, 3000.00, 6000.00),
(1436, 163, 1, 1, 1400.00, 1400.00),
(1437, 163, 4, 3, 1400.00, 4200.00),
(1438, 163, 5, 12, 1200.00, 14400.00),
(1439, 163, 11, 4, 1500.00, 6000.00),
(1440, 163, 30, 1, 1000.00, 1000.00),
(1441, 163, 45, 1, 2000.00, 2000.00),
(1442, 163, 46, 1, 3000.00, 3000.00),
(1458, 166, 5, 6, 1200.00, 7200.00),
(1459, 166, 6, 9, 1600.00, 14400.00),
(1460, 166, 11, 7, 1500.00, 10500.00),
(1461, 166, 12, 1, 1500.00, 1500.00),
(1462, 166, 13, 3, 3000.00, 9000.00),
(1463, 166, 14, 1, 4500.00, 4500.00),
(1464, 166, 20, 3, 2000.00, 6000.00),
(1465, 166, 30, 6, 1000.00, 6000.00),
(1466, 166, 36, 1, 1500.00, 1500.00),
(1467, 166, 45, 2, 2000.00, 4000.00),
(1468, 167, 6, 3, 1600.00, 4800.00),
(1469, 167, 11, 2, 1500.00, 3000.00),
(1470, 167, 30, 1, 1000.00, 1000.00),
(1471, 168, 4, 4, 1400.00, 5600.00),
(1472, 168, 14, 2, 4500.00, 9000.00),
(1473, 168, 44, 3, 1000.00, 3000.00),
(1474, 168, 46, 1, 3000.00, 3000.00),
(1475, 169, 4, 4, 1400.00, 5600.00),
(1476, 169, 14, 2, 4500.00, 9000.00),
(1477, 169, 44, 3, 1000.00, 3000.00),
(1478, 169, 46, 1, 3000.00, 3000.00),
(1479, 164, 5, 10, 1200.00, 12000.00),
(1480, 164, 11, 14, 1500.00, 21000.00),
(1481, 164, 14, 1, 4500.00, 4500.00),
(1482, 164, 17, 2, 4500.00, 9000.00),
(1483, 164, 30, 2, 1000.00, 2000.00),
(1484, 165, 5, 2, 1200.00, 2400.00),
(1485, 165, 11, 4, 1500.00, 6000.00),
(1486, 170, 5, 17, 1200.00, 20400.00),
(1487, 170, 11, 8, 1500.00, 12000.00),
(1488, 170, 13, 4, 3000.00, 12000.00),
(1489, 170, 23, 1, 1500.00, 1500.00),
(1490, 170, 25, 2, 1200.00, 2400.00),
(1491, 170, 30, 4, 1000.00, 4000.00),
(1492, 170, 43, 30, 1000.00, 30000.00),
(1493, 170, 47, 4, 3600.00, 14400.00),
(1494, 171, 5, 11, 1200.00, 13200.00),
(1495, 171, 6, 3, 1600.00, 4800.00),
(1496, 171, 11, 9, 1500.00, 13500.00),
(1497, 171, 12, 1, 1500.00, 1500.00),
(1498, 171, 16, 1, 7000.00, 7000.00),
(1499, 171, 17, 1, 4500.00, 4500.00),
(1500, 171, 30, 4, 1000.00, 4000.00),
(1505, 173, 4, 7, 1400.00, 9800.00),
(1506, 173, 5, 7, 1200.00, 8400.00),
(1507, 173, 11, 6, 1500.00, 9000.00),
(1508, 173, 13, 1, 3000.00, 3000.00),
(1509, 173, 16, 1, 7000.00, 7000.00),
(1510, 173, 18, 2, 8000.00, 16000.00),
(1511, 173, 30, 4, 1000.00, 4000.00),
(1516, 172, 5, 14, 1200.00, 16800.00),
(1517, 172, 11, 19, 1500.00, 28500.00),
(1518, 172, 30, 3, 1000.00, 3000.00),
(1519, 172, 47, 1, 3600.00, 3600.00),
(1527, 174, 1, 1, 1400.00, 1400.00),
(1528, 174, 4, 2, 1400.00, 2800.00),
(1529, 174, 6, 6, 1600.00, 9600.00),
(1530, 174, 11, 2, 1500.00, 3000.00),
(1531, 174, 16, 1, 7000.00, 7000.00),
(1532, 174, 17, 2, 4500.00, 9000.00),
(1533, 174, 30, 1, 1000.00, 1000.00),
(1534, 175, 5, 4, 1200.00, 4800.00),
(1535, 175, 6, 2, 1600.00, 3200.00),
(1536, 175, 11, 3, 1500.00, 4500.00),
(1537, 175, 12, 2, 1500.00, 3000.00),
(1538, 175, 14, 2, 4500.00, 9000.00),
(1539, 175, 19, 1, 2000.00, 2000.00),
(1540, 175, 30, 1, 1000.00, 1000.00),
(1541, 176, 6, 4, 1600.00, 6400.00),
(1542, 176, 11, 2, 1500.00, 3000.00),
(1543, 176, 17, 1, 4500.00, 4500.00),
(1544, 176, 30, 1, 1000.00, 1000.00),
(1545, 177, 1, 1, 1400.00, 1400.00),
(1546, 177, 6, 6, 1600.00, 9600.00),
(1547, 177, 11, 3, 1500.00, 4500.00),
(1548, 177, 13, 2, 3000.00, 6000.00),
(1549, 177, 14, 1, 4500.00, 4500.00),
(1550, 177, 19, 1, 2000.00, 2000.00),
(1551, 177, 30, 2, 1000.00, 2000.00),
(1552, 178, 5, 2, 1200.00, 2400.00),
(1553, 178, 6, 2, 1600.00, 3200.00),
(1554, 178, 11, 1, 1500.00, 1500.00),
(1555, 178, 12, 2, 1500.00, 3000.00),
(1556, 178, 14, 2, 4500.00, 9000.00),
(1557, 178, 30, 2, 1000.00, 2000.00),
(1558, 179, 3, 1, 1000.00, 1000.00),
(1559, 179, 10, 2, 1200.00, 2400.00),
(1560, 179, 11, 2, 1500.00, 3000.00),
(1561, 179, 30, 1, 1000.00, 1000.00),
(1562, 180, 5, 10, 1200.00, 12000.00),
(1563, 180, 11, 6, 1500.00, 9000.00),
(1564, 180, 12, 2, 1500.00, 3000.00),
(1565, 180, 16, 1, 7000.00, 7000.00),
(1566, 180, 30, 2, 1000.00, 2000.00),
(1567, 181, 5, 4, 1200.00, 4800.00),
(1568, 181, 6, 5, 1600.00, 8000.00),
(1569, 181, 11, 14, 1500.00, 21000.00),
(1570, 181, 12, 1, 1500.00, 1500.00),
(1571, 181, 13, 1, 3000.00, 3000.00),
(1572, 181, 14, 2, 4500.00, 9000.00),
(1573, 181, 27, 1, 1200.00, 1200.00),
(1574, 181, 30, 3, 1000.00, 3000.00),
(1575, 181, 46, 1, 3000.00, 3000.00),
(1576, 182, 1, 2, 1400.00, 2800.00),
(1577, 182, 2, 2, 2000.00, 4000.00),
(1578, 182, 4, 2, 1400.00, 2800.00),
(1579, 182, 13, 2, 3000.00, 6000.00),
(1580, 182, 14, 2, 4500.00, 9000.00),
(1581, 182, 47, 1, 3600.00, 3600.00),
(1582, 183, 2, 2, 2000.00, 4000.00),
(1583, 183, 5, 2, 1200.00, 2400.00),
(1584, 183, 11, 4, 1500.00, 6000.00),
(1585, 183, 12, 2, 1500.00, 3000.00),
(1586, 183, 17, 1, 4500.00, 4500.00),
(1587, 183, 20, 1, 2000.00, 2000.00),
(1588, 183, 30, 1, 1000.00, 1000.00),
(1589, 184, 5, 6, 1200.00, 7200.00),
(1590, 184, 11, 4, 1500.00, 6000.00),
(1591, 184, 12, 2, 1500.00, 3000.00),
(1592, 184, 17, 2, 4500.00, 9000.00),
(1593, 184, 30, 2, 1000.00, 2000.00),
(1594, 185, 5, 4, 1200.00, 4800.00),
(1595, 185, 11, 2, 1500.00, 3000.00),
(1596, 185, 13, 2, 3000.00, 6000.00),
(1597, 185, 30, 1, 1000.00, 1000.00),
(1598, 186, 6, 5, 1600.00, 8000.00),
(1599, 186, 11, 3, 1500.00, 4500.00),
(1600, 186, 14, 2, 4500.00, 9000.00),
(1601, 186, 30, 1, 1000.00, 1000.00),
(1602, 187, 5, 11, 1200.00, 13200.00),
(1603, 187, 11, 10, 1500.00, 15000.00),
(1604, 187, 17, 2, 4500.00, 9000.00),
(1605, 187, 19, 1, 2000.00, 2000.00),
(1606, 187, 30, 2, 1000.00, 2000.00),
(1607, 187, 45, 1, 2000.00, 2000.00),
(1608, 188, 5, 5, 1200.00, 6000.00),
(1609, 188, 11, 2, 1500.00, 3000.00),
(1610, 188, 13, 1, 3000.00, 3000.00),
(1611, 188, 16, 1, 7000.00, 7000.00),
(1612, 188, 28, 1, 1500.00, 1500.00),
(1613, 188, 30, 1, 1000.00, 1000.00),
(1614, 189, 2, 1, 2000.00, 2000.00),
(1615, 189, 5, 5, 1200.00, 6000.00),
(1616, 189, 6, 2, 1600.00, 3200.00),
(1617, 189, 11, 2, 1500.00, 3000.00),
(1618, 189, 14, 4, 4500.00, 18000.00),
(1619, 189, 16, 3, 7000.00, 21000.00),
(1620, 189, 22, 1, 1500.00, 1500.00),
(1621, 189, 30, 2, 1000.00, 2000.00),
(1622, 189, 36, 1, 1500.00, 1500.00),
(1623, 189, 46, 1, 3000.00, 3000.00),
(1624, 189, 48, 3, 1000.00, 3000.00),
(1625, 190, 5, 4, 1200.00, 4800.00),
(1626, 190, 11, 2, 1500.00, 3000.00),
(1627, 190, 17, 2, 4500.00, 9000.00),
(1628, 190, 20, 1, 2000.00, 2000.00),
(1629, 190, 30, 1, 1000.00, 1000.00),
(1630, 191, 5, 2, 1200.00, 2400.00),
(1631, 191, 11, 4, 1500.00, 6000.00),
(1632, 191, 12, 4, 1500.00, 6000.00),
(1633, 191, 46, 1, 3000.00, 3000.00),
(1634, 192, 6, 7, 1600.00, 11200.00),
(1635, 192, 11, 3, 1500.00, 4500.00),
(1636, 192, 16, 2, 7000.00, 14000.00),
(1637, 192, 20, 2, 2000.00, 4000.00),
(1638, 192, 30, 1, 1000.00, 1000.00),
(1639, 193, 1, 2, 1400.00, 2800.00),
(1640, 193, 4, 4, 1400.00, 5600.00),
(1641, 193, 5, 4, 1200.00, 4800.00),
(1642, 193, 11, 2, 1500.00, 3000.00),
(1643, 193, 13, 3, 3000.00, 9000.00),
(1644, 193, 16, 2, 7000.00, 14000.00),
(1645, 193, 30, 1, 1000.00, 1000.00),
(1646, 193, 34, 1, 1100.00, 1100.00),
(1647, 193, 45, 2, 2000.00, 4000.00),
(1648, 194, 5, 2, 1200.00, 2400.00),
(1649, 194, 11, 5, 1500.00, 7500.00),
(1650, 194, 28, 1, 1500.00, 1500.00),
(1651, 194, 30, 1, 1000.00, 1000.00),
(1652, 195, 5, 6, 1200.00, 7200.00),
(1653, 195, 11, 6, 1500.00, 9000.00),
(1654, 195, 46, 1, 3000.00, 3000.00),
(1655, 196, 5, 5, 1200.00, 6000.00),
(1656, 196, 11, 3, 1500.00, 4500.00),
(1657, 196, 12, 2, 1500.00, 3000.00),
(1658, 196, 13, 1, 3000.00, 3000.00),
(1659, 196, 14, 2, 4500.00, 9000.00),
(1660, 196, 28, 1, 1500.00, 1500.00),
(1661, 196, 30, 2, 1000.00, 2000.00),
(1675, 197, 5, 4, 1200.00, 4800.00),
(1676, 197, 11, 1, 1500.00, 1500.00),
(1677, 197, 12, 1, 1500.00, 1500.00),
(1678, 197, 17, 1, 4500.00, 4500.00),
(1679, 197, 30, 1, 1000.00, 1000.00),
(1680, 198, 5, 6, 1200.00, 7200.00),
(1681, 198, 11, 4, 1500.00, 6000.00),
(1682, 198, 17, 2, 4500.00, 9000.00),
(1683, 198, 47, 1, 3600.00, 3600.00),
(1692, 199, 1, 3, 1400.00, 4200.00),
(1693, 199, 4, 1, 1400.00, 1400.00),
(1694, 199, 5, 4, 1200.00, 4800.00),
(1695, 199, 11, 6, 1500.00, 9000.00),
(1696, 199, 12, 3, 1500.00, 4500.00),
(1697, 199, 17, 1, 4500.00, 4500.00),
(1698, 199, 30, 2, 1000.00, 2000.00),
(1704, 201, 5, 5, 1200.00, 6000.00),
(1705, 201, 11, 2, 1500.00, 3000.00),
(1706, 201, 14, 2, 4500.00, 9000.00),
(1707, 201, 17, 1, 4500.00, 4500.00),
(1708, 201, 30, 2, 1000.00, 2000.00),
(1709, 200, 5, 8, 1200.00, 9600.00),
(1710, 200, 11, 2, 1500.00, 3000.00),
(1711, 200, 14, 2, 4500.00, 9000.00),
(1712, 200, 17, 1, 4500.00, 4500.00),
(1713, 200, 30, 2, 1000.00, 2000.00),
(1714, 202, 5, 4, 1200.00, 4800.00),
(1715, 202, 11, 10, 1500.00, 15000.00),
(1716, 202, 17, 2, 4500.00, 9000.00),
(1717, 202, 30, 2, 1000.00, 2000.00),
(1723, 203, 1, 4, 1400.00, 5600.00),
(1724, 203, 3, 2, 1000.00, 2000.00),
(1725, 203, 4, 2, 1400.00, 2800.00),
(1726, 203, 13, 6, 3000.00, 18000.00),
(1727, 203, 26, 1, 1200.00, 1200.00),
(1728, 203, 46, 2, 3000.00, 6000.00),
(1729, 204, 1, 1, 1400.00, 1400.00),
(1730, 204, 2, 1, 2000.00, 2000.00),
(1731, 204, 3, 1, 1000.00, 1000.00),
(1732, 204, 4, 4, 1400.00, 5600.00),
(1733, 204, 6, 5, 1600.00, 8000.00),
(1734, 204, 11, 2, 1500.00, 3000.00),
(1735, 204, 12, 2, 1500.00, 3000.00),
(1736, 204, 13, 2, 3000.00, 6000.00),
(1737, 204, 30, 2, 1000.00, 2000.00),
(1738, 204, 34, 1, 1100.00, 1100.00),
(1739, 205, 1, 1, 1400.00, 1400.00),
(1740, 205, 3, 1, 1000.00, 1000.00),
(1741, 205, 4, 2, 1400.00, 2800.00),
(1742, 205, 5, 2, 1200.00, 2400.00),
(1743, 205, 14, 1, 4500.00, 4500.00),
(1744, 205, 30, 1, 1000.00, 1000.00),
(1745, 206, 1, 1, 1400.00, 1400.00),
(1746, 206, 3, 1, 1000.00, 1000.00),
(1747, 206, 4, 2, 1400.00, 2800.00),
(1748, 206, 5, 2, 1200.00, 2400.00),
(1749, 206, 14, 1, 4500.00, 4500.00),
(1750, 206, 30, 1, 1000.00, 1000.00),
(1751, 207, 1, 1, 1400.00, 1400.00),
(1752, 207, 3, 1, 1000.00, 1000.00),
(1753, 207, 4, 2, 1400.00, 2800.00),
(1754, 207, 5, 2, 1200.00, 2400.00),
(1755, 207, 14, 1, 4500.00, 4500.00),
(1756, 207, 30, 1, 1000.00, 1000.00),
(1757, 208, 1, 1, 1400.00, 1400.00),
(1758, 208, 3, 1, 1000.00, 1000.00),
(1759, 208, 4, 2, 1400.00, 2800.00),
(1760, 208, 5, 2, 1200.00, 2400.00),
(1761, 208, 14, 1, 4500.00, 4500.00),
(1762, 208, 30, 1, 1000.00, 1000.00),
(1763, 209, 1, 1, 1400.00, 1400.00),
(1764, 209, 3, 1, 1000.00, 1000.00),
(1765, 209, 4, 2, 1400.00, 2800.00),
(1766, 209, 5, 2, 1200.00, 2400.00),
(1767, 209, 14, 1, 4500.00, 4500.00),
(1768, 209, 30, 1, 1000.00, 1000.00),
(1769, 210, 1, 1, 1400.00, 1400.00),
(1770, 210, 3, 1, 1000.00, 1000.00),
(1771, 210, 4, 2, 1400.00, 2800.00),
(1772, 210, 5, 2, 1200.00, 2400.00),
(1773, 210, 14, 1, 4500.00, 4500.00),
(1774, 210, 30, 1, 1000.00, 1000.00),
(1775, 211, 1, 1, 1400.00, 1400.00),
(1776, 211, 3, 1, 1000.00, 1000.00),
(1777, 211, 4, 2, 1400.00, 2800.00),
(1778, 211, 5, 2, 1200.00, 2400.00),
(1779, 211, 14, 1, 4500.00, 4500.00),
(1780, 211, 30, 1, 1000.00, 1000.00),
(1781, 212, 1, 1, 1400.00, 1400.00),
(1782, 212, 3, 1, 1000.00, 1000.00),
(1783, 212, 4, 2, 1400.00, 2800.00),
(1784, 212, 5, 2, 1200.00, 2400.00),
(1785, 212, 14, 1, 4500.00, 4500.00),
(1786, 212, 30, 1, 1000.00, 1000.00),
(1787, 213, 1, 1, 1400.00, 1400.00),
(1788, 213, 3, 1, 1000.00, 1000.00),
(1789, 213, 4, 2, 1400.00, 2800.00),
(1790, 213, 5, 2, 1200.00, 2400.00),
(1791, 213, 14, 1, 4500.00, 4500.00),
(1792, 213, 30, 1, 1000.00, 1000.00),
(1793, 214, 1, 1, 1400.00, 1400.00),
(1794, 214, 3, 1, 1000.00, 1000.00),
(1795, 214, 4, 2, 1400.00, 2800.00),
(1796, 214, 5, 2, 1200.00, 2400.00),
(1797, 214, 14, 1, 4500.00, 4500.00),
(1798, 214, 30, 1, 1000.00, 1000.00),
(1799, 215, 1, 1, 1400.00, 1400.00),
(1800, 215, 3, 1, 1000.00, 1000.00),
(1801, 215, 4, 2, 1400.00, 2800.00),
(1802, 215, 5, 2, 1200.00, 2400.00),
(1803, 215, 14, 1, 4500.00, 4500.00),
(1804, 215, 30, 1, 1000.00, 1000.00),
(1805, 216, 1, 1, 1400.00, 1400.00),
(1806, 216, 3, 1, 1000.00, 1000.00),
(1807, 216, 4, 2, 1400.00, 2800.00),
(1808, 216, 5, 2, 1200.00, 2400.00),
(1809, 216, 14, 1, 4500.00, 4500.00),
(1810, 216, 30, 1, 1000.00, 1000.00),
(1811, 217, 1, 1, 1400.00, 1400.00),
(1812, 217, 3, 1, 1000.00, 1000.00),
(1813, 217, 4, 2, 1400.00, 2800.00),
(1814, 217, 5, 2, 1200.00, 2400.00),
(1815, 217, 14, 1, 4500.00, 4500.00),
(1816, 217, 30, 1, 1000.00, 1000.00),
(1817, 218, 1, 2, 1400.00, 2800.00),
(1818, 218, 5, 2, 1200.00, 2400.00),
(1819, 218, 11, 3, 1500.00, 4500.00),
(1820, 218, 14, 2, 4500.00, 9000.00),
(1821, 218, 30, 1, 1000.00, 1000.00),
(1842, 219, 5, 9, 1200.00, 10800.00),
(1843, 219, 6, 6, 1600.00, 9600.00),
(1844, 219, 11, 6, 1500.00, 9000.00),
(1845, 219, 12, 1, 1500.00, 1500.00),
(1846, 219, 14, 2, 4500.00, 9000.00),
(1847, 219, 16, 1, 7000.00, 7000.00),
(1848, 219, 19, 1, 2000.00, 2000.00),
(1849, 219, 20, 1, 2000.00, 2000.00),
(1850, 219, 30, 2, 1000.00, 2000.00),
(1851, 219, 45, 1, 2000.00, 2000.00),
(1857, 220, 6, 10, 1600.00, 16000.00),
(1858, 220, 11, 2, 1500.00, 3000.00),
(1859, 220, 12, 2, 1500.00, 3000.00),
(1860, 220, 21, 1, 1500.00, 1500.00),
(1861, 220, 30, 2, 1000.00, 2000.00),
(1862, 221, 5, 4, 1200.00, 4800.00),
(1863, 221, 11, 2, 1500.00, 3000.00),
(1864, 221, 12, 1, 1500.00, 1500.00),
(1865, 221, 14, 1, 4500.00, 4500.00),
(1866, 221, 17, 1, 4500.00, 4500.00),
(1867, 221, 21, 1, 1500.00, 1500.00),
(1868, 221, 30, 1, 1000.00, 1000.00),
(1869, 222, 5, 16, 1200.00, 19200.00),
(1870, 222, 11, 2, 1500.00, 3000.00),
(1871, 222, 13, 11, 3000.00, 33000.00),
(1872, 222, 16, 1, 7000.00, 7000.00),
(1873, 222, 17, 1, 4500.00, 4500.00),
(1874, 222, 46, 3, 3000.00, 9000.00),
(1879, 224, 5, 3, 1200.00, 3600.00),
(1880, 224, 12, 1, 1500.00, 1500.00),
(1881, 224, 16, 1, 7000.00, 7000.00),
(1882, 224, 30, 1, 1000.00, 1000.00),
(1888, 223, 5, 3, 1200.00, 3600.00),
(1889, 223, 11, 2, 1500.00, 3000.00),
(1890, 223, 14, 1, 4500.00, 4500.00),
(1891, 223, 18, 1, 8000.00, 8000.00),
(1892, 223, 30, 2, 1000.00, 2000.00),
(1893, 225, 5, 3, 1200.00, 3600.00),
(1894, 225, 11, 4, 1500.00, 6000.00),
(1895, 225, 17, 1, 4500.00, 4500.00),
(1896, 225, 30, 1, 1000.00, 1000.00),
(1897, 226, 5, 4, 1200.00, 4800.00),
(1898, 226, 11, 2, 1500.00, 3000.00),
(1899, 226, 17, 1, 4500.00, 4500.00),
(1900, 226, 30, 1, 1000.00, 1000.00),
(1901, 227, 5, 3, 1200.00, 3600.00),
(1902, 227, 16, 1, 7000.00, 7000.00),
(1903, 227, 17, 1, 4500.00, 4500.00),
(1904, 227, 47, 1, 3600.00, 3600.00),
(1905, 228, 2, 1, 2000.00, 2000.00),
(1906, 228, 4, 4, 1400.00, 5600.00),
(1907, 228, 5, 3, 1200.00, 3600.00),
(1908, 228, 11, 4, 1500.00, 6000.00),
(1909, 228, 13, 1, 3000.00, 3000.00),
(1910, 228, 30, 1, 1000.00, 1000.00),
(1926, 229, 4, 10, 1400.00, 14000.00),
(1927, 229, 5, 5, 1200.00, 6000.00),
(1928, 229, 11, 8, 1500.00, 12000.00),
(1929, 229, 13, 6, 3000.00, 18000.00),
(1930, 229, 16, 3, 7000.00, 21000.00),
(1931, 229, 17, 1, 4500.00, 4500.00),
(1932, 229, 30, 3, 1000.00, 3000.00),
(1933, 229, 49, 1, 2500.00, 2500.00),
(1934, 230, 6, 6, 1600.00, 9600.00),
(1935, 230, 11, 4, 1500.00, 6000.00),
(1936, 230, 17, 4, 4500.00, 18000.00),
(1937, 230, 30, 2, 1000.00, 2000.00),
(1938, 231, 5, 8, 1200.00, 9600.00),
(1939, 231, 11, 3, 1500.00, 4500.00),
(1940, 231, 14, 1, 4500.00, 4500.00),
(1941, 231, 46, 2, 3000.00, 6000.00),
(1942, 232, 5, 9, 1200.00, 10800.00),
(1943, 232, 16, 2, 7000.00, 14000.00),
(1944, 232, 28, 1, 1500.00, 1500.00),
(1945, 232, 30, 2, 1000.00, 2000.00),
(1946, 232, 39, 1, 1000.00, 1000.00),
(1947, 233, 6, 4, 1600.00, 6400.00),
(1948, 233, 17, 1, 4500.00, 4500.00),
(1949, 233, 30, 1, 1000.00, 1000.00),
(1950, 234, 5, 2, 1200.00, 2400.00),
(1951, 234, 11, 2, 1500.00, 3000.00),
(1952, 234, 12, 1, 1500.00, 1500.00),
(1953, 234, 17, 1, 4500.00, 4500.00),
(1954, 234, 20, 1, 2000.00, 2000.00),
(1955, 234, 30, 1, 1000.00, 1000.00),
(1956, 235, 5, 6, 1200.00, 7200.00),
(1957, 235, 11, 5, 1500.00, 7500.00),
(1958, 235, 13, 2, 3000.00, 6000.00),
(1959, 235, 16, 1, 7000.00, 7000.00),
(1960, 235, 30, 1, 1000.00, 1000.00),
(1961, 235, 46, 1, 3000.00, 3000.00),
(1962, 236, 5, 3, 1200.00, 3600.00),
(1963, 236, 11, 6, 1500.00, 9000.00),
(1964, 236, 30, 1, 1000.00, 1000.00),
(1965, 237, 1, 1, 1400.00, 1400.00),
(1966, 237, 2, 1, 2000.00, 2000.00),
(1967, 237, 4, 4, 1400.00, 5600.00),
(1968, 237, 14, 1, 4500.00, 4500.00),
(1969, 237, 30, 1, 1000.00, 1000.00),
(1970, 238, 1, 1, 1400.00, 1400.00),
(1971, 238, 2, 1, 2000.00, 2000.00),
(1972, 238, 4, 4, 1400.00, 5600.00),
(1973, 238, 14, 1, 4500.00, 4500.00),
(1974, 238, 30, 1, 1000.00, 1000.00),
(1996, 239, 1, 4, 1400.00, 5600.00),
(1997, 239, 2, 2, 2000.00, 4000.00),
(1998, 239, 3, 1, 1000.00, 1000.00),
(1999, 239, 4, 2, 1400.00, 2800.00),
(2000, 239, 5, 4, 1200.00, 4800.00),
(2001, 239, 11, 3, 1500.00, 4500.00),
(2002, 239, 14, 1, 4500.00, 4500.00),
(2003, 239, 16, 2, 7000.00, 14000.00),
(2004, 239, 19, 1, 2000.00, 2000.00),
(2005, 239, 30, 1, 1000.00, 1000.00),
(2006, 239, 43, 1, 1000.00, 1000.00),
(2007, 239, 46, 1, 3000.00, 3000.00),
(2008, 240, 6, 4, 1600.00, 6400.00),
(2009, 240, 11, 3, 1500.00, 4500.00),
(2010, 240, 13, 1, 3000.00, 3000.00),
(2011, 240, 30, 1, 1000.00, 1000.00),
(2012, 241, 5, 8, 1200.00, 9600.00),
(2013, 241, 6, 4, 1600.00, 6400.00),
(2014, 241, 11, 3, 1500.00, 4500.00),
(2015, 241, 13, 5, 3000.00, 15000.00),
(2016, 241, 19, 3, 2000.00, 6000.00),
(2017, 241, 30, 3, 1000.00, 3000.00),
(2018, 242, 1, 1, 1400.00, 1400.00),
(2019, 242, 2, 1, 2000.00, 2000.00),
(2020, 242, 4, 3, 1400.00, 4200.00),
(2021, 242, 11, 2, 1500.00, 3000.00),
(2022, 242, 30, 1, 1000.00, 1000.00),
(2023, 243, 5, 4, 1200.00, 4800.00),
(2024, 243, 11, 5, 1500.00, 7500.00),
(2025, 243, 30, 1, 1000.00, 1000.00),
(2026, 243, 45, 1, 2000.00, 2000.00),
(2027, 244, 6, 4, 1600.00, 6400.00),
(2028, 244, 17, 1, 4500.00, 4500.00),
(2029, 244, 20, 1, 2000.00, 2000.00),
(2030, 244, 30, 1, 1000.00, 1000.00),
(2031, 245, 5, 8, 1200.00, 9600.00),
(2032, 245, 11, 6, 1500.00, 9000.00),
(2033, 245, 12, 2, 1500.00, 3000.00),
(2034, 245, 13, 2, 3000.00, 6000.00),
(2035, 245, 30, 2, 1000.00, 2000.00),
(2036, 246, 1, 1, 1400.00, 1400.00),
(2037, 246, 2, 2, 2000.00, 4000.00),
(2038, 246, 4, 3, 1400.00, 4200.00),
(2039, 246, 5, 21, 1200.00, 25200.00),
(2040, 246, 11, 19, 1500.00, 28500.00),
(2041, 246, 14, 1, 4500.00, 4500.00),
(2042, 246, 17, 5, 4500.00, 22500.00),
(2043, 246, 19, 1, 2000.00, 2000.00),
(2044, 246, 20, 1, 2000.00, 2000.00),
(2045, 246, 30, 6, 1000.00, 6000.00),
(2046, 246, 31, 1, 1100.00, 1100.00),
(2047, 246, 45, 1, 2000.00, 2000.00),
(2048, 246, 47, 1, 3600.00, 3600.00),
(2056, 247, 5, 5, 1200.00, 6000.00),
(2057, 247, 11, 3, 1500.00, 4500.00),
(2058, 247, 21, 1, 1500.00, 1500.00),
(2059, 247, 30, 1, 1000.00, 1000.00);

-- --------------------------------------------------------

--
-- Table structure for table `payments`
--

CREATE TABLE `payments` (
  `id` int NOT NULL,
  `order_id` int NOT NULL,
  `amount` decimal(10,2) NOT NULL,
  `payment_type` enum('cash','card','transfer') NOT NULL,
  `created_at` timestamp NOT NULL DEFAULT CURRENT_TIMESTAMP
) ENGINE=InnoDB DEFAULT CHARSET=utf8mb4 COLLATE=utf8mb4_general_ci;

--
-- Dumping data for table `payments`
--

INSERT INTO `payments` (`id`, `order_id`, `amount`, `payment_type`, `created_at`) VALUES
(1, 2, 16.50, 'card', '2025-11-11 14:00:00'),
(2, 3, 2.90, 'cash', '2025-11-11 08:28:09'),
(3, 1, 29.50, 'cash', '2025-11-11 08:42:51'),
(4, 5, 102.66, 'transfer', '2025-11-18 08:54:08'),
(5, 7, 13900.00, 'card', '2025-11-25 13:14:22'),
(6, 15, 65600.00, 'cash', '2025-11-25 16:23:18'),
(7, 17, 15900.00, 'card', '2025-11-25 16:57:28'),
(8, 17, 15900.00, 'card', '2025-11-25 16:57:33'),
(9, 14, 14600.00, 'card', '2025-11-25 16:58:08'),
(10, 4, 2.90, 'card', '2025-11-25 16:58:51'),
(11, 4, 2.90, 'card', '2025-11-25 16:58:56'),
(12, 11, 10600.00, 'card', '2025-11-25 16:59:18'),
(13, 12, 147800.00, 'card', '2025-11-25 16:59:40'),
(14, 6, 10750.00, 'card', '2025-11-25 17:00:00'),
(15, 10, 21000.00, 'card', '2025-11-25 17:00:26'),
(16, 13, 94400.00, 'card', '2025-11-25 17:00:46'),
(17, 13, 94400.00, 'card', '2025-11-25 17:00:58'),
(18, 9, 29200.00, 'card', '2025-11-25 17:01:15'),
(19, 9, 29200.00, 'card', '2025-11-25 17:01:23'),
(20, 16, 36300.00, 'card', '2025-11-25 17:01:34'),
(21, 8, 38900.00, 'card', '2025-11-25 17:01:50'),
(22, 18, 24300.00, 'card', '2025-11-26 13:14:39'),
(23, 21, 6400.00, 'card', '2025-11-26 14:51:55'),
(24, 24, 11800.00, 'card', '2025-11-26 16:02:59'),
(25, 23, 11800.00, 'card', '2025-11-26 16:03:28'),
(26, 19, 84000.00, 'card', '2025-11-26 16:03:40'),
(27, 22, 25200.00, 'card', '2025-11-26 16:03:57'),
(28, 22, 25200.00, 'card', '2025-11-26 16:04:00'),
(29, 20, 25000.00, 'card', '2025-11-26 16:04:11'),
(30, 27, 68500.00, 'transfer', '2025-11-27 09:35:05'),
(31, 28, 29900.00, 'card', '2025-11-27 12:24:31'),
(32, 25, 24700.00, 'card', '2025-11-27 12:27:04'),
(33, 26, 34000.00, 'card', '2025-11-27 12:27:42'),
(34, 30, 20900.00, 'card', '2025-11-27 13:00:55'),
(35, 33, 37700.00, 'card', '2025-11-27 14:37:11'),
(36, 32, 24800.00, 'card', '2025-11-27 14:37:27'),
(37, 32, 24800.00, 'card', '2025-11-27 14:37:34'),
(38, 31, 11200.00, 'cash', '2025-11-27 14:37:44'),
(39, 29, 49200.00, 'card', '2025-11-27 14:37:58'),
(40, 35, 26700.00, 'card', '2025-11-27 16:55:35'),
(41, 35, 26700.00, 'card', '2025-11-27 16:55:37'),
(42, 36, 26500.00, 'transfer', '2025-11-27 23:24:15'),
(43, 37, 53300.00, 'card', '2025-11-28 12:05:04'),
(44, 44, 51600.00, 'card', '2025-11-28 16:57:01'),
(45, 42, 16800.00, 'card', '2025-11-28 16:57:27'),
(46, 43, 13800.00, 'card', '2025-11-28 16:59:58'),
(47, 43, 13800.00, 'card', '2025-11-28 17:00:13'),
(48, 34, 26200.00, 'card', '2025-11-28 17:00:28'),
(49, 41, 3900.00, 'card', '2025-11-28 17:01:29'),
(50, 40, 16100.00, 'card', '2025-11-28 17:01:40'),
(51, 45, 29200.00, 'transfer', '2025-11-29 14:21:18'),
(52, 47, 61300.00, 'transfer', '2025-11-29 16:06:22'),
(53, 48, 31100.00, 'transfer', '2025-11-29 16:07:15'),
(54, 46, 62600.00, 'card', '2025-11-29 16:07:29'),
(55, 39, 1200.00, 'cash', '2025-11-29 16:07:43'),
(56, 38, 5300.00, 'card', '2025-11-29 16:08:02'),
(57, 52, 34700.00, 'card', '2025-12-01 12:32:41'),
(58, 53, 14100.00, 'card', '2025-12-01 12:50:49'),
(59, 58, 8800.00, 'card', '2025-12-01 16:26:39'),
(60, 57, 25800.00, 'card', '2025-12-01 16:26:52'),
(61, 56, 36800.00, 'card', '2025-12-01 16:27:22'),
(62, 54, 11900.00, 'card', '2025-12-01 16:27:35'),
(63, 55, 14300.00, 'card', '2025-12-01 16:27:51'),
(64, 51, 7600.00, 'card', '2025-12-01 16:28:06'),
(65, 50, 20100.00, 'card', '2025-12-01 16:28:20'),
(66, 49, 32100.00, 'card', '2025-12-01 16:28:33'),
(67, 62, 27800.00, 'card', '2025-12-02 13:20:13'),
(68, 61, 40100.00, 'card', '2025-12-02 13:20:29'),
(69, 59, 6400.00, 'card', '2025-12-02 13:22:19'),
(70, 59, 6400.00, 'card', '2025-12-02 13:22:31'),
(71, 60, 76800.00, 'card', '2025-12-02 13:22:57'),
(72, 63, 56900.00, 'transfer', '2025-12-02 15:24:17'),
(73, 64, 314000.00, 'transfer', '2025-12-02 17:32:11'),
(74, 65, 39800.00, 'transfer', '2025-12-02 17:37:18'),
(75, 66, 13800.00, 'transfer', '2025-12-02 17:40:06'),
(76, 67, 145700.00, 'transfer', '2025-12-02 17:41:45'),
(77, 68, 16600.00, 'card', '2025-12-03 16:27:49'),
(78, 69, 10900.00, 'card', '2025-12-03 16:28:36'),
(79, 70, 25500.00, 'card', '2025-12-03 16:28:53'),
(80, 70, 25500.00, 'card', '2025-12-03 16:29:09'),
(81, 71, 59900.00, 'card', '2025-12-03 16:29:23'),
(82, 71, 59900.00, 'card', '2025-12-03 16:30:05'),
(83, 71, 59900.00, 'card', '2025-12-03 16:30:07'),
(84, 71, 59900.00, 'card', '2025-12-03 16:30:09'),
(85, 72, 13000.00, 'card', '2025-12-03 16:30:29'),
(86, 72, 13000.00, 'card', '2025-12-03 16:30:30'),
(87, 72, 13000.00, 'card', '2025-12-03 16:30:31'),
(88, 73, 61800.00, 'card', '2025-12-03 16:31:45'),
(89, 73, 61800.00, 'card', '2025-12-03 16:31:47'),
(90, 74, 11100.00, 'card', '2025-12-03 16:32:30'),
(91, 75, 32000.00, 'card', '2025-12-03 16:33:23'),
(92, 76, 36400.00, 'card', '2025-12-03 16:34:05'),
(93, 77, 34100.00, 'card', '2025-12-03 16:35:04'),
(94, 78, 18800.00, 'card', '2025-12-03 16:36:15'),
(95, 79, 31800.00, 'card', '2025-12-03 16:38:56'),
(96, 80, 81000.00, 'card', '2025-12-03 16:39:12'),
(97, 81, 10600.00, 'card', '2025-12-04 13:45:47'),
(98, 82, 13600.00, 'card', '2025-12-04 13:46:08'),
(99, 82, 13600.00, 'card', '2025-12-04 13:46:08'),
(100, 83, 17700.00, 'card', '2025-12-04 13:46:26'),
(101, 84, 34600.00, 'card', '2025-12-04 14:14:50'),
(102, 85, 23600.00, 'card', '2025-12-04 14:26:36'),
(103, 86, 23900.00, 'card', '2025-12-04 14:28:00'),
(104, 87, 62000.00, 'card', '2025-12-04 16:54:00'),
(105, 88, 38300.00, 'transfer', '2025-12-05 14:41:06'),
(106, 90, 48900.00, 'transfer', '2025-12-05 15:08:09'),
(107, 94, 34200.00, 'transfer', '2025-12-05 15:48:04'),
(108, 98, 23200.00, 'transfer', '2025-12-05 15:48:25'),
(109, 96, 46900.00, 'transfer', '2025-12-05 15:48:37'),
(110, 92, 34300.00, 'transfer', '2025-12-05 15:48:51'),
(111, 93, 31700.00, 'transfer', '2025-12-05 15:49:01'),
(112, 97, 17800.00, 'transfer', '2025-12-05 15:49:14'),
(113, 95, 92200.00, 'transfer', '2025-12-05 15:49:25'),
(114, 91, 45700.00, 'transfer', '2025-12-05 15:49:34'),
(115, 89, 34800.00, 'transfer', '2025-12-05 15:49:47'),
(116, 99, 17200.00, 'card', '2025-12-05 16:29:02'),
(117, 101, 32400.00, 'card', '2025-12-05 17:07:48'),
(118, 100, 99300.00, 'card', '2025-12-05 17:17:57'),
(119, 102, 20100.00, 'transfer', '2025-12-06 10:57:10'),
(120, 103, 28200.00, 'card', '2025-12-06 10:58:32'),
(121, 104, 30800.00, 'card', '2025-12-06 11:40:05'),
(122, 105, 10800.00, 'card', '2025-12-06 12:38:01'),
(123, 107, 9300.00, 'card', '2025-12-06 14:17:16'),
(124, 106, 14800.00, 'transfer', '2025-12-06 14:17:35'),
(125, 109, 60500.00, 'transfer', '2025-12-06 14:47:10'),
(126, 108, 13100.00, 'transfer', '2025-12-06 14:47:22'),
(127, 111, 24400.00, 'card', '2025-12-08 16:41:20'),
(128, 111, 24400.00, 'card', '2025-12-08 16:41:21'),
(129, 112, 13600.00, 'card', '2025-12-08 16:42:34'),
(130, 113, 11900.00, 'card', '2025-12-08 16:43:00'),
(131, 113, 11900.00, 'card', '2025-12-08 16:43:02'),
(132, 114, 13800.00, 'card', '2025-12-08 16:43:32'),
(133, 115, 33700.00, 'card', '2025-12-08 16:43:54'),
(134, 110, 6600.00, 'card', '2025-12-08 16:44:19'),
(135, 116, 33600.00, 'card', '2025-12-10 16:09:12'),
(136, 123, 40000.00, 'card', '2025-12-10 16:09:58'),
(137, 122, 99200.00, 'card', '2025-12-10 16:10:49'),
(138, 121, 34600.00, 'card', '2025-12-10 16:11:25'),
(139, 120, 31800.00, 'card', '2025-12-10 16:11:48'),
(140, 119, 51200.00, 'card', '2025-12-10 16:12:05'),
(141, 118, 9100.00, 'card', '2025-12-10 16:12:16'),
(142, 117, 9100.00, 'card', '2025-12-10 16:12:36'),
(143, 132, 18000.00, 'cash', '2025-12-12 10:28:32'),
(144, 131, 33900.00, 'transfer', '2025-12-12 10:29:09'),
(145, 130, 12400.00, 'transfer', '2025-12-12 10:29:35'),
(146, 129, 204800.00, 'transfer', '2025-12-12 10:47:01'),
(147, 128, 39100.00, 'transfer', '2025-12-12 10:47:14'),
(148, 127, 20600.00, 'card', '2025-12-12 10:47:28'),
(149, 126, 27000.00, 'card', '2025-12-12 10:47:46'),
(150, 125, 12300.00, 'card', '2025-12-12 10:48:01'),
(151, 124, 28100.00, 'transfer', '2025-12-12 10:48:10'),
(152, 134, 57000.00, 'card', '2025-12-12 12:15:34'),
(153, 136, 21500.00, 'card', '2025-12-12 13:11:00'),
(154, 138, 18000.00, 'cash', '2025-12-12 13:35:01'),
(155, 133, 30200.00, 'transfer', '2025-12-12 13:35:29'),
(156, 135, 20900.00, 'card', '2025-12-12 13:35:43'),
(157, 137, 27300.00, 'card', '2025-12-12 13:36:12'),
(158, 139, 14900.00, 'cash', '2025-12-12 14:01:16'),
(159, 140, 49200.00, 'transfer', '2025-12-12 16:38:27'),
(160, 140, 49200.00, 'transfer', '2025-12-12 16:38:27'),
(161, 147, 29900.00, 'card', '2025-12-12 16:38:57'),
(162, 146, 84600.00, 'transfer', '2025-12-12 16:39:32'),
(163, 145, 12300.00, 'transfer', '2025-12-12 16:39:53'),
(164, 144, 21400.00, 'transfer', '2025-12-12 16:40:17'),
(165, 143, 21400.00, 'transfer', '2025-12-12 16:40:29'),
(166, 142, 25900.00, 'cash', '2025-12-12 16:40:41'),
(167, 141, 18300.00, 'transfer', '2025-12-12 16:40:54'),
(168, 148, 62600.00, 'card', '2025-12-13 12:49:50'),
(169, 149, 11900.00, 'transfer', '2025-12-13 12:51:38'),
(170, 150, 94700.00, 'transfer', '2025-12-13 14:22:10'),
(171, 152, 18500.00, 'card', '2025-12-13 16:22:01'),
(172, 151, 12300.00, 'card', '2025-12-13 16:22:13'),
(173, 152, 18500.00, 'card', '2025-12-13 17:04:08'),
(174, 153, 39500.00, 'transfer', '2025-12-13 17:04:30'),
(175, 154, 29400.00, 'transfer', '2025-12-15 12:10:01'),
(176, 155, 17700.00, 'transfer', '2025-12-15 12:39:19'),
(177, 156, 20100.00, 'card', '2025-12-15 16:38:38'),
(178, 157, 47100.00, 'transfer', '2025-12-15 16:38:47'),
(179, 158, 32700.00, 'card', '2025-12-15 16:39:23'),
(180, 159, 81500.00, 'transfer', '2025-12-15 16:39:58'),
(181, 160, 117100.00, 'card', '2025-12-16 12:50:00'),
(182, 160, 117100.00, 'card', '2025-12-16 12:50:04'),
(183, 161, 50200.00, 'card', '2025-12-16 12:50:18'),
(184, 162, 77500.00, 'card', '2025-12-17 10:55:19'),
(185, 165, 8400.00, 'card', '2025-12-17 10:56:41'),
(186, 163, 32000.00, 'card', '2025-12-17 10:57:17'),
(187, 163, 32000.00, 'card', '2025-12-17 10:57:28'),
(188, 164, 48500.00, 'card', '2025-12-17 10:57:43'),
(189, 166, 64600.00, 'card', '2025-12-17 10:58:06'),
(190, 167, 8800.00, 'card', '2025-12-17 10:58:57'),
(191, 168, 20600.00, 'card', '2025-12-17 10:59:09'),
(192, 169, 20600.00, 'card', '2025-12-17 10:59:22'),
(193, 170, 96700.00, 'card', '2025-12-17 10:59:34'),
(194, 171, 48500.00, 'card', '2025-12-17 10:59:47'),
(195, 172, 51900.00, 'card', '2025-12-17 11:00:02'),
(196, 173, 57200.00, 'card', '2025-12-17 11:00:15'),
(197, 174, 33800.00, 'card', '2025-12-17 16:43:23'),
(198, 177, 30000.00, 'card', '2025-12-17 16:43:34'),
(199, 175, 27500.00, 'card', '2025-12-17 16:43:59'),
(200, 176, 14900.00, 'transfer', '2025-12-17 16:44:10'),
(201, 178, 21100.00, 'card', '2025-12-18 16:40:33'),
(202, 179, 7400.00, 'card', '2025-12-18 16:41:46'),
(203, 180, 33000.00, 'card', '2025-12-18 16:42:10'),
(204, 181, 54500.00, 'card', '2025-12-18 16:42:43'),
(205, 181, 54500.00, 'card', '2025-12-18 16:42:45'),
(206, 182, 28200.00, 'card', '2025-12-18 16:43:44'),
(207, 183, 22900.00, 'card', '2025-12-18 16:44:23'),
(208, 184, 27200.00, 'card', '2025-12-18 16:45:19'),
(209, 186, 22500.00, 'card', '2025-12-19 12:15:13'),
(210, 185, 14800.00, 'card', '2025-12-19 16:31:34'),
(211, 187, 43200.00, 'card', '2025-12-19 16:31:55'),
(212, 187, 43200.00, 'card', '2025-12-19 16:31:56'),
(213, 188, 21500.00, 'card', '2025-12-19 16:32:12'),
(214, 190, 19800.00, 'card', '2025-12-19 16:32:23'),
(215, 189, 64200.00, 'card', '2025-12-19 16:32:39'),
(216, 191, 17400.00, 'card', '2025-12-23 12:21:17'),
(217, 199, 30200.00, 'card', '2025-12-23 12:21:29'),
(218, 196, 29000.00, 'card', '2025-12-23 12:21:41'),
(219, 198, 25800.00, 'card', '2025-12-23 12:21:52'),
(220, 197, 13300.00, 'card', '2025-12-23 12:22:53'),
(221, 193, 45300.00, 'card', '2025-12-23 12:23:04'),
(222, 195, 19200.00, 'card', '2025-12-23 12:23:36'),
(223, 194, 12400.00, 'card', '2025-12-23 12:26:09'),
(224, 192, 34700.00, 'card', '2025-12-23 12:26:18'),
(225, 200, 28100.00, 'card', '2025-12-23 13:58:24'),
(226, 201, 24500.00, 'card', '2025-12-23 13:58:39'),
(227, 202, 30800.00, 'card', '2025-12-23 13:59:03'),
(228, 203, 35600.00, 'card', '2025-12-23 13:59:14'),
(229, 204, 33100.00, 'card', '2025-12-24 13:36:23'),
(230, 220, 25500.00, 'card', '2025-12-24 13:36:49'),
(231, 219, 54900.00, 'card', '2025-12-24 13:37:04'),
(232, 216, 13100.00, 'card', '2025-12-24 13:37:13'),
(233, 218, 19700.00, 'card', '2025-12-24 13:37:29'),
(234, 217, 13100.00, 'card', '2025-12-24 13:37:39'),
(235, 215, 13100.00, 'card', '2025-12-24 13:37:53'),
(236, 210, 13100.00, 'card', '2025-12-24 13:38:12'),
(237, 213, 13100.00, 'card', '2025-12-24 13:38:31'),
(238, 213, 13100.00, 'card', '2025-12-24 13:38:33'),
(239, 213, 13100.00, 'card', '2025-12-24 13:38:35'),
(240, 209, 13100.00, 'card', '2025-12-24 13:38:53'),
(241, 214, 13100.00, 'card', '2025-12-24 13:39:10'),
(242, 212, 13100.00, 'card', '2025-12-24 13:39:32'),
(243, 211, 13100.00, 'card', '2025-12-24 13:39:49'),
(244, 208, 13100.00, 'card', '2025-12-24 13:40:04'),
(245, 206, 13100.00, 'card', '2025-12-24 13:40:19'),
(246, 207, 13100.00, 'card', '2025-12-24 13:40:36'),
(247, 205, 13100.00, 'card', '2025-12-24 13:40:50'),
(248, 221, 20800.00, 'card', '2025-12-24 15:15:19'),
(249, 222, 75700.00, 'card', '2025-12-24 15:15:32'),
(250, 223, 21100.00, 'card', '2025-12-24 15:27:07'),
(251, 224, 13100.00, 'card', '2025-12-24 15:27:17'),
(252, 225, 15100.00, 'card', '2025-12-24 16:54:58'),
(253, 226, 13300.00, 'card', '2025-12-24 16:55:09'),
(254, 227, 18700.00, 'card', '2025-12-24 16:55:19'),
(255, 228, 21200.00, 'cash', '2025-12-25 10:35:16'),
(256, 229, 81000.00, 'transfer', '2025-12-25 10:46:21'),
(257, 230, 35600.00, 'transfer', '2025-12-26 16:25:50'),
(258, 232, 29300.00, 'transfer', '2025-12-26 16:26:19'),
(259, 231, 24600.00, 'card', '2025-12-26 16:26:47'),
(260, 233, 11900.00, 'transfer', '2025-12-27 14:55:43'),
(261, 236, 13600.00, 'transfer', '2025-12-27 16:52:13'),
(262, 235, 31700.00, 'transfer', '2025-12-27 16:53:12'),
(263, 234, 14400.00, 'transfer', '2025-12-27 16:53:27'),
(264, 241, 44500.00, 'cash', '2025-12-29 12:42:44'),
(265, 242, 11600.00, 'transfer', '2025-12-29 13:50:20'),
(266, 239, 48200.00, 'transfer', '2025-12-29 13:50:35'),
(267, 238, 14500.00, 'transfer', '2025-12-29 13:50:44'),
(268, 237, 14500.00, 'transfer', '2025-12-29 13:50:57'),
(269, 240, 14900.00, 'transfer', '2025-12-29 13:51:09'),
(270, 244, 13900.00, 'card', '2025-12-29 14:07:26'),
(271, 243, 15300.00, 'transfer', '2025-12-29 14:18:15'),
(272, 245, 29600.00, 'transfer', '2025-12-29 15:58:37');

-- --------------------------------------------------------

--
-- Table structure for table `tables`
--

CREATE TABLE `tables` (
  `id` int NOT NULL,
  `table_number` varchar(50) NOT NULL,
  `status` enum('available','occupied') NOT NULL DEFAULT 'available'
) ENGINE=InnoDB DEFAULT CHARSET=utf8mb4 COLLATE=utf8mb4_general_ci;

--
-- Dumping data for table `tables`
--

INSERT INTO `tables` (`id`, `table_number`, `status`) VALUES
(1, 'Table TR1', 'available'),
(2, 'Table TR2', 'available'),
(3, 'Table TR3', 'occupied'),
(4, 'Table TC1', 'available'),
(5, 'Takeaway 1', 'available'),
(6, 'Table TC2', 'available'),
(7, 'Table TC3', 'available'),
(8, 'Table TL1', 'occupied'),
(9, 'Table TL2', 'available'),
(10, 'Table TL3', 'available'),
(11, 'Table E10', 'available'),
(12, 'Table E11', 'available'),
(13, 'Table E12', 'available');

-- --------------------------------------------------------

--
-- Table structure for table `tax_settings`
--

CREATE TABLE `tax_settings` (
  `id` int NOT NULL,
  `tax_name` varchar(255) NOT NULL,
  `tax_rate` decimal(10,2) NOT NULL,
  `tax_type` enum('percentage','fixed') NOT NULL DEFAULT 'percentage',
  `is_active` tinyint(1) NOT NULL DEFAULT '0'
) ENGINE=InnoDB DEFAULT CHARSET=utf8mb4 COLLATE=utf8mb4_general_ci;

-- --------------------------------------------------------

--
-- Table structure for table `users`
--

CREATE TABLE `users` (
  `id` int NOT NULL,
  `name` varchar(255) NOT NULL,
  `email` varchar(255) NOT NULL,
  `password` varchar(255) NOT NULL,
  `role` enum('Admin','Cashier','Waiter','Kitchen') NOT NULL
) ENGINE=InnoDB DEFAULT CHARSET=utf8mb4 COLLATE=utf8mb4_general_ci;

--
-- Dumping data for table `users`
--

INSERT INTO `users` (`id`, `name`, `email`, `password`, `role`) VALUES
(2, 'Cashier User', 'cashier@example.com', '$2y$10$N9.gBY.G.bVbT9CqK.E2.O0R0M.lI.H/GAg5j/1xO.D.C.S.a.s.Q', 'Cashier'),
(5, 'Sheriff', 'sherpackage@gmail.com', '$2y$10$tOg7FEG.3N/4xN1jTJRk9OedNymycxGNXu01xfIB27LLlz/dBjNhi', 'Admin'),
(6, 'iya fatuuu', 'matosh@gmail.com', '$2y$10$NNw.s2GDGF5tCgAA2TmP1.uakQgcv3WyKJzAdYHmmfI81w1amFBhK', 'Cashier'),
(7, 'Cashier 1', 'cashier@gmail.com', '$2y$10$1ZvoqysJcur1juZfiZ5eUOBPhUpGGxV5nW9UrmNMDLA9XKYYVHbOG', 'Cashier');

--
-- Indexes for dumped tables
--

--
-- Indexes for table `company_settings`
--
ALTER TABLE `company_settings`
  ADD PRIMARY KEY (`id`);

--
-- Indexes for table `customers`
--
ALTER TABLE `customers`
  ADD PRIMARY KEY (`id`),
  ADD UNIQUE KEY `phone` (`phone`);

--
-- Indexes for table `menu_items`
--
ALTER TABLE `menu_items`
  ADD PRIMARY KEY (`id`);

--
-- Indexes for table `orders`
--
ALTER TABLE `orders`
  ADD PRIMARY KEY (`id`),
  ADD KEY `table_id` (`table_id`),
  ADD KEY `user_id` (`user_id`),
  ADD KEY `orders_ibfk_3` (`customer_id`);

--
-- Indexes for table `order_items`
--
ALTER TABLE `order_items`
  ADD PRIMARY KEY (`id`),
  ADD KEY `order_id` (`order_id`),
  ADD KEY `menu_item_id` (`menu_item_id`);

--
-- Indexes for table `payments`
--
ALTER TABLE `payments`
  ADD PRIMARY KEY (`id`),
  ADD KEY `order_id` (`order_id`);

--
-- Indexes for table `tables`
--
ALTER TABLE `tables`
  ADD PRIMARY KEY (`id`);

--
-- Indexes for table `tax_settings`
--
ALTER TABLE `tax_settings`
  ADD PRIMARY KEY (`id`);

--
-- Indexes for table `users`
--
ALTER TABLE `users`
  ADD PRIMARY KEY (`id`),
  ADD UNIQUE KEY `email` (`email`);

--
-- AUTO_INCREMENT for dumped tables
--

--
-- AUTO_INCREMENT for table `company_settings`
--
ALTER TABLE `company_settings`
  MODIFY `id` int NOT NULL AUTO_INCREMENT, AUTO_INCREMENT=2;

--
-- AUTO_INCREMENT for table `customers`
--
ALTER TABLE `customers`
  MODIFY `id` int NOT NULL AUTO_INCREMENT, AUTO_INCREMENT=3;

--
-- AUTO_INCREMENT for table `menu_items`
--
ALTER TABLE `menu_items`
  MODIFY `id` int NOT NULL AUTO_INCREMENT, AUTO_INCREMENT=50;

--
-- AUTO_INCREMENT for table `orders`
--
ALTER TABLE `orders`
  MODIFY `id` int NOT NULL AUTO_INCREMENT, AUTO_INCREMENT=248;

--
-- AUTO_INCREMENT for table `order_items`
--
ALTER TABLE `order_items`
  MODIFY `id` int NOT NULL AUTO_INCREMENT, AUTO_INCREMENT=2060;

--
-- AUTO_INCREMENT for table `payments`
--
ALTER TABLE `payments`
  MODIFY `id` int NOT NULL AUTO_INCREMENT, AUTO_INCREMENT=273;

--
-- AUTO_INCREMENT for table `tables`
--
ALTER TABLE `tables`
  MODIFY `id` int NOT NULL AUTO_INCREMENT, AUTO_INCREMENT=14;

--
-- AUTO_INCREMENT for table `tax_settings`
--
ALTER TABLE `tax_settings`
  MODIFY `id` int NOT NULL AUTO_INCREMENT, AUTO_INCREMENT=2;

--
-- AUTO_INCREMENT for table `users`
--
ALTER TABLE `users`
  MODIFY `id` int NOT NULL AUTO_INCREMENT, AUTO_INCREMENT=8;

--
-- Constraints for dumped tables
--

--
-- Constraints for table `orders`
--
ALTER TABLE `orders`
  ADD CONSTRAINT `orders_ibfk_1` FOREIGN KEY (`table_id`) REFERENCES `tables` (`id`),
  ADD CONSTRAINT `orders_ibfk_2` FOREIGN KEY (`user_id`) REFERENCES `users` (`id`),
  ADD CONSTRAINT `orders_ibfk_3` FOREIGN KEY (`customer_id`) REFERENCES `customers` (`id`) ON DELETE SET NULL;

--
-- Constraints for table `order_items`
--
ALTER TABLE `order_items`
  ADD CONSTRAINT `order_items_ibfk_1` FOREIGN KEY (`order_id`) REFERENCES `orders` (`id`) ON DELETE CASCADE,
  ADD CONSTRAINT `order_items_ibfk_2` FOREIGN KEY (`menu_item_id`) REFERENCES `menu_items` (`id`);

--
-- Constraints for table `payments`
--
ALTER TABLE `payments`
  ADD CONSTRAINT `payments_ibfk_1` FOREIGN KEY (`order_id`) REFERENCES `orders` (`id`);
COMMIT;

/*!40101 SET CHARACTER_SET_CLIENT=@OLD_CHARACTER_SET_CLIENT */;
/*!40101 SET CHARACTER_SET_RESULTS=@OLD_CHARACTER_SET_RESULTS */;
/*!40101 SET COLLATION_CONNECTION=@OLD_COLLATION_CONNECTION */;
